1100000000,서울특별시,
1111000000,종로구,
1111051500,청운효자동,종로구
1111053000,사직동,종로구
1111054000,삼청동,종로구
1111055000,부암동,종로구
1111056000,평창동,종로구
1111057000,무악동,종로구
1111058000,교남동,종로구
1111060000,가회동,종로구
1111061500,종로1.2.3.4가동,종로구
1111063000,종로5.6가동,종로구
1111064000,이화동,종로구
1111065000,혜화동,종로구
1111067000,창신제1동,종로구
1111068000,창신제2동,종로구
1111069000,창신제3동,종로구
1111070000,숭인제1동,종로구
1111071000,숭인제2동,종로구
1114000000,중구,
1114052000,소공동,중구
1114054000,회현동,중구
1114055000,명동,중구
1114057000,필동,중구
1114058000,장충동,중구
1114059000,광희동,중구
1114060500,을지로동,중구
1114061500,신당동,중구
1114062500,다산동,중구
1114063500,약수동,중구
1114064500,청구동,중구
1114065000,신당제5동,중구
1114066500,동화동,중구
1114067000,황학동,중구
1114068000,중림동,중구
1117000000,용산구,
1117051000,후암동,용산구
1117052000,용산2가동,용산구
1117053000,남영동,용산구
1117055500,청파동,용산구
1117056000,원효로제1동,용산구
1117057000,원효로제2동,용산구
1117058000,효창동,용산구
1117059000,용문동,용산구
1117062500,한강로동,용산구
1117063000,이촌제1동,용산구
1117064000,이촌제2동,용산구
1117065000,이태원제1동,용산구
1117066000,이태원제2동,용산구
1117068500,한남동,용산구
1117069000,서빙고동,용산구
1117070000,보광동,용산구
1120000000,성동구,
1120052000,왕십리제2동,성동구
1120053500,왕십리도선동,성동구
1120054000,마장동,성동구
1120055000,사근동,성동구
1120056000,행당제1동,성동구
1120057000,행당제2동,성동구
1120058000,응봉동,성동구
1120059000,금호1가동,성동구
1120061500,금호2.3가동,성동구
1120062000,금호4가동,성동구
1120064500,옥수동,성동구
1120065000,성수1가제1동,성동구
1120066000,성수1가제2동,성동구
1120067000,성수2가제1동,성동구
1120069000,성수2가제3동,성동구
1120072000,송정동,성동구
1120079000,용답동,성동구
1121500000,광진구,
1121571000,화양동,광진구
1121573000,군자동,광진구
1121574000,중곡제1동,광진구
1121575000,중곡제2동,광진구
1121576000,중곡제3동,광진구
1121577000,중곡제4동,광진구
1121578000,능동,광진구
1121581000,광장동,광진구
1121582000,자양제1동,광진구
1121583000,자양제2동,광진구
1121584000,자양제3동,광진구
1121584700,자양제4동,광진구
1121585000,구의제1동,광진구
1121586000,구의제2동,광진구
1121587000,구의제3동,광진구
1123000000,동대문구,
1123053600,용신동,동대문구
1123054500,제기동,동대문구
1123056000,전농제1동,동대문구
1123057000,전농제2동,동대문구
1123060000,답십리제1동,동대문구
1123061000,답십리제2동,동대문구
1123065000,장안제1동,동대문구
1123066000,장안제2동,동대문구
1123070500,청량리동,동대문구
1123071000,회기동,동대문구
1123072000,휘경제1동,동대문구
1123073000,휘경제2동,동대문구
1123074000,이문제1동,동대문구
1123075000,이문제2동,동대문구
1126000000,중랑구,
1126052000,면목제2동,중랑구
1126054000,면목제4동,중랑구
1126055000,면목제5동,중랑구
1126056500,면목본동,중랑구
1126057000,면목제7동,중랑구
1126057500,면목제3.8동,중랑구
1126058000,상봉제1동,중랑구
1126059000,상봉제2동,중랑구
1126060000,중화제1동,중랑구
1126061000,중화제2동,중랑구
1126062000,묵제1동,중랑구
1126063000,묵제2동,중랑구
1126065500,망우본동,중랑구
1126066000,망우제3동,중랑구
1126068000,신내1동,중랑구
1126069000,신내2동,중랑구
1129000000,성북구,
1129052500,성북동,성북구
1129055500,삼선동,성북구
1129057500,동선동,성북구
1129058000,돈암제1동,성북구
1129059000,돈암제2동,성북구
1129060000,안암동,성북구
1129061000,보문동,성북구
1129062000,정릉제1동,성북구
1129063000,정릉제2동,성북구
1129064000,정릉제3동,성북구
1129065000,정릉제4동,성북구
1129066000,길음제1동,성북구
1129068500,길음제2동,성북구
1129070500,종암동,성북구
1129071500,월곡제1동,성북구
1129072500,월곡제2동,성북구
1129076000,장위제1동,성북구
1129077000,장위제2동,성북구
1129078000,장위제3동,성북구
1129081000,석관동,성북구
1130500000,강북구,
1130553400,삼양동,강북구
1130553500,미아동,강북구
1130554500,송중동,강북구
1130555500,송천동,강북구
1130557500,삼각산동,강북구
1130559000,번제1동,강북구
1130560000,번제2동,강북구
1130560600,번제3동,강북구
1130561000,수유제1동,강북구
1130562000,수유제2동,강북구
1130563000,수유제3동,강북구
1130564500,우이동,강북구
1130566000,인수동,강북구
1132000000,도봉구,
1132051100,창제1동,도봉구
1132051200,창제2동,도봉구
1132051300,창제3동,도봉구
1132051400,창제4동,도봉구
1132051500,창제5동,도봉구
1132052100,도봉제1동,도봉구
1132052200,도봉제2동,도봉구
1132066000,쌍문제1동,도봉구
1132067000,쌍문제2동,도봉구
1132068000,쌍문제3동,도봉구
1132068100,쌍문제4동,도봉구
1132069000,방학제1동,도봉구
1132070000,방학제2동,도봉구
1132071000,방학제3동,도봉구
1135000000,노원구,
1135056000,월계1동,노원구
1135057000,월계2동,노원구
1135058000,월계3동,노원구
1135059500,공릉1동,노원구
1135060000,공릉2동,노원구
1135061100,하계1동,노원구
1135061200,하계2동,노원구
1135061900,중계본동,노원구
1135062100,중계1동,노원구
1135062400,중계4동,노원구
1135062500,중계2.3동,노원구
1135063000,상계1동,노원구
1135064000,상계2동,노원구
1135066500,상계3.4동,노원구
1135067000,상계5동,노원구
1135069500,상계6.7동,노원구
1135070000,상계8동,노원구
1135071000,상계9동,노원구
1135072000,상계10동,노원구
1138000000,은평구,
1138051000,녹번동,은평구
1138052000,불광제1동,은평구
1138053000,불광제2동,은평구
1138055100,갈현제1동,은평구
1138055200,갈현제2동,은평구
1138056000,구산동,은평구
1138057000,대조동,은평구
1138058000,응암제1동,은평구
1138059000,응암제2동,은평구
1138060000,응암제3동,은평구
1138062500,역촌동,은평구
1138063100,신사제1동,은평구
1138063200,신사제2동,은평구
1138064000,증산동,은평구
1138065000,수색동,은평구
1138069000,진관동,은평구
1141000000,서대문구,
1141052000,천연동,서대문구
1141055500,북아현동,서대문구
1141056500,충현동,서대문구
1141058500,신촌동,서대문구
1141061500,연희동,서대문구
1141062000,홍제제1동,서대문구
1141064000,홍제제3동,서대문구
1141065500,홍제제2동,서대문구
1141066000,홍은제1동,서대문구
1141068500,홍은제2동,서대문구
1141069000,남가좌제1동,서대문구
1141070000,남가좌제2동,서대문구
1141071000,북가좌제1동,서대문구
1141072000,북가좌제2동,서대문구
1144000000,마포구,
1144055500,아현동,마포구
1144056500,공덕동,마포구
1144058500,도화동,마포구
1144059000,용강동,마포구
1144060000,대흥동,마포구
1144061000,염리동,마포구
1144063000,신수동,마포구
1144065500,서강동,마포구
1144066000,서교동,마포구
1144068000,합정동,마포구
1144069000,망원제1동,마포구
1144070000,망원제2동,마포구
1144071000,연남동,마포구
1144072000,성산제1동,마포구
1144073000,성산제2동,마포구
1144074000,상암동,마포구
1147000000,양천구,
1147051000,목1동,양천구
1147052000,목2동,양천구
1147053000,목3동,양천구
1147054000,목4동,양천구
1147055000,목5동,양천구
1147056000,신월1동,양천구
1147057000,신월2동,양천구
1147058000,신월3동,양천구
1147059000,신월4동,양천구
1147060000,신월5동,양천구
1147061000,신월6동,양천구
1147061100,신월7동,양천구
1147062000,신정1동,양천구
1147063000,신정2동,양천구
1147064000,신정3동,양천구
1147065000,신정4동,양천구
1147067000,신정6동,양천구
1147068000,신정7동,양천구
1150000000,강서구,
1150051000,염창동,강서구
1150052000,등촌제1동,강서구
1150053000,등촌제2동,강서구
1150053500,등촌제3동,강서구
1150054000,화곡제1동,강서구
1150055000,화곡제2동,강서구
1150056000,화곡제3동,강서구
1150057000,화곡제4동,강서구
1150059000,화곡본동,강서구
1150059100,화곡제6동,강서구
1150059300,화곡제8동,강서구
1150060300,가양제1동,강서구
1150060400,가양제2동,강서구
1150060500,가양제3동,강서구
1150061100,발산제1동,강서구
1150061500,우장산동,강서구
1150062000,공항동,강서구
1150063000,방화제1동,강서구
1150064000,방화제2동,강서구
1150064100,방화제3동,강서구
1153000000,구로구,
1153051000,신도림동,구로구
1153052000,구로제1동,구로구
1153053000,구로제2동,구로구
1153054000,구로제3동,구로구
1153055000,구로제4동,구로구
1153056000,구로제5동,구로구
1153059500,가리봉동,구로구
1153072000,고척제1동,구로구
1153073000,고척제2동,구로구
1153074000,개봉제1동,구로구
1153075000,개봉제2동,구로구
1153076000,개봉제3동,구로구
1153077000,오류제1동,구로구
1153078000,오류제2동,구로구
1153079000,수궁동,구로구
1154500000,금천구,
1154551000,가산동,금천구
1154561000,독산제1동,금천구
1154562000,독산제2동,금천구
1154563000,독산제3동,금천구
1154564000,독산제4동,금천구
1154567000,시흥제1동,금천구
1154568000,시흥제2동,금천구
1154569000,시흥제3동,금천구
1154570000,시흥제4동,금천구
1154571000,시흥제5동,금천구
1156000000,영등포구,
1156051500,영등포본동,영등포구
1156053500,영등포동,영등포구
1156054000,여의동,영등포구
1156055000,당산제1동,영등포구
1156056000,당산제2동,영등포구
1156058500,도림동,영등포구
1156060500,문래동,영등포구
1156061000,양평제1동,영등포구
1156062000,양평제2동,영등포구
1156063000,신길제1동,영등포구
1156065000,신길제3동,영등포구
1156066000,신길제4동,영등포구
1156067000,신길제5동,영등포구
1156068000,신길제6동,영등포구
1156069000,신길제7동,영등포구
1156070000,대림제1동,영등포구
1156071000,대림제2동,영등포구
1156072000,대림제3동,영등포구
1159000000,동작구,
1159051000,노량진제1동,동작구
1159052000,노량진제2동,동작구
1159053000,상도제1동,동작구
1159054000,상도제2동,동작구
1159055000,상도제3동,동작구
1159056000,상도제4동,동작구
1159060500,흑석동,동작구
1159062000,사당제1동,동작구
1159063000,사당제2동,동작구
1159064000,사당제3동,동작구
1159065000,사당제4동,동작구
1159065100,사당제5동,동작구
1159066000,대방동,동작구
1159067000,신대방제1동,동작구
1159068000,신대방제2동,동작구
1162000000,관악구,
1162052500,보라매동,관악구
1162054500,청림동,관악구
1162056500,성현동,관악구
1162057500,행운동,관악구
1162058500,낙성대동,관악구
1162059500,청룡동,관악구
1162060500,은천동,관악구
1162061500,중앙동,관악구
1162062500,인헌동,관악구
1162063000,남현동,관악구
1162064500,서원동,관악구
1162065500,신원동,관악구
1162066500,서림동,관악구
1162068500,신사동,관악구
1162069500,신림동,관악구
1162071500,난향동,관악구
1162072500,조원동,관악구
1162073500,대학동,관악구
1162074500,삼성동,관악구
1162076500,미성동,관악구
1162077500,난곡동,관악구
1165000000,서초구,
1165051000,서초1동,서초구
1165052000,서초2동,서초구
1165053000,서초3동,서초구
1165053100,서초4동,서초구
1165054000,잠원동,서초구
1165055000,반포본동,서초구
1165056000,반포1동,서초구
1165057000,반포2동,서초구
1165058000,반포3동,서초구
1165058100,반포4동,서초구
1165059000,방배본동,서초구
1165060000,방배1동,서초구
1165061000,방배2동,서초구
1165062000,방배3동,서초구
1165062100,방배4동,서초구
1165065100,양재1동,서초구
1165065200,양재2동,서초구
1165066000,내곡동,서초구
1168000000,강남구,
1168051000,신사동,강남구
1168052100,논현1동,강남구
1168053100,논현2동,강남구
1168054500,압구정동,강남구
1168056500,청담동,강남구
1168058000,삼성1동,강남구
1168059000,삼성2동,강남구
1168060000,대치1동,강남구
1168061000,대치2동,강남구
1168063000,대치4동,강남구
1168064000,역삼1동,강남구
1168065000,역삼2동,강남구
1168065500,도곡1동,강남구
1168065600,도곡2동,강남구
1168066000,개포1동,강남구
1168067000,개포2동,강남구
1168069000,개포4동,강남구
1168070000,세곡동,강남구
1168072000,일원본동,강남구
1168073000,일원1동,강남구
1168074000,일원2동,강남구
1168075000,수서동,강남구
1171000000,송파구,
1171051000,풍납1동,송파구
1171052000,풍납2동,송파구
1171053100,거여1동,송파구
1171053200,거여2동,송파구
1171054000,마천1동,송파구
1171055000,마천2동,송파구
1171056100,방이1동,송파구
1171056200,방이2동,송파구
1171056600,오륜동,송파구
1171057000,오금동,송파구
1171058000,송파1동,송파구
1171059000,송파2동,송파구
1171060000,석촌동,송파구
1171061000,삼전동,송파구
1171062000,가락본동,송파구
1171063100,가락1동,송파구
1171063200,가락2동,송파구
1171064100,문정1동,송파구
1171064200,문정2동,송파구
1171064600,장지동,송파구
1171065000,잠실본동,송파구
1171067000,잠실2동,송파구
1171068000,잠실3동,송파구
1171069000,잠실4동,송파구
1171071000,잠실6동,송파구
1171072000,잠실7동,송파구
1174000000,강동구,
1174051500,강일동,강동구
1174052000,상일동,강동구
1174053000,명일제1동,강동구
1174054000,명일제2동,강동구
1174055000,고덕제1동,강동구
1174056000,고덕제2동,강동구
1174057000,암사제1동,강동구
1174058000,암사제2동,강동구
1174059000,암사제3동,강동구
1174060000,천호제1동,강동구
1174061000,천호제2동,강동구
1174062000,천호제3동,강동구
1174064000,성내제1동,강동구
1174065000,성내제2동,강동구
1174066000,성내제3동,강동구
1174068500,길동,강동구
1174069000,둔촌제1동,강동구
1174070000,둔촌제2동,강동구
2600000000,부산광역시,
2611000000,중구,
2611051000,중앙동,중구
2611052000,동광동,중구
2611053000,대청동,중구
2611054500,보수동,중구
2611056000,부평동,중구
2611057000,광복동,중구
2611058000,남포동,중구
2611059000,영주제1동,중구
2611060000,영주제2동,중구
2614000000,서구,
2614051000,동대신제1동,서구
2614052000,동대신제2동,서구
2614053000,동대신제3동,서구
2614054000,서대신제1동,서구
2614056000,서대신제3동,서구
2614057000,서대신제4동,서구
2614059000,부민동,서구
2614061500,아미동,서구
2614063000,초장동,서구
2614064000,충무동,서구
2614065000,남부민제1동,서구
2614066000,남부민제2동,서구
2614068000,암남동,서구
2617000000,동구,
2617051000,초량제1동,동구
2617052000,초량제2동,동구
2617053000,초량제3동,동구
2617055000,초량제6동,동구
2617056000,수정제1동,동구
2617057000,수정제2동,동구
2617059000,수정제4동,동구
2617060000,수정제5동,동구
2617061000,좌천제1동,동구
2617064000,좌천제4동,동구
2617065000,범일제1동,동구
2617066000,범일제2동,동구
2617067000,범일제4동,동구
2617068000,범일제5동,동구
2620000000,영도구,
2620053000,남항동,영도구
2620054000,영선제1동,영도구
2620055000,영선제2동,영도구
2620058500,신선동,영도구
2620059000,봉래제1동,영도구
2620060500,봉래제2동,영도구
2620063000,청학제1동,영도구
2620064000,청학제2동,영도구
2620065000,동삼제1동,영도구
2620066000,동삼제2동,영도구
2620067000,동삼제3동,영도구
2623000000,부산진구,
2623051000,부전제1동,부산진구
2623052000,부전제2동,부산진구
2623054000,연지동,부산진구
2623055000,초읍동,부산진구
2623056000,양정제1동,부산진구
2623057000,양정제2동,부산진구
2623060000,전포제1동,부산진구
2623061000,전포제2동,부산진구
2623064000,부암제1동,부산진구
2623066000,부암제3동,부산진구
2623067000,당감제1동,부산진구
2623068000,당감제2동,부산진구
2623070000,당감제4동,부산진구
2623071000,가야제1동,부산진구
2623072000,가야제2동,부산진구
2623074000,개금제1동,부산진구
2623075000,개금제2동,부산진구
2623076000,개금제3동,부산진구
2623077000,범천제1동,부산진구
2623078000,범천제2동,부산진구
2623079000,범천제4동,부산진구
2626000000,동래구,
2626051000,수민동,동래구
2626052000,복산동,동래구
2626054500,명륜동,동래구
2626055000,온천제1동,동래구
2626056000,온천제2동,동래구
2626057000,온천제3동,동래구
2626058000,사직제1동,동래구
2626059000,사직제2동,동래구
2626060000,사직제3동,동래구
2626074000,안락제1동,동래구
2626075000,안락제2동,동래구
2626076100,명장제1동,동래구
2626076200,명장제2동,동래구
2629000000,남구,
2629051000,대연제1동,남구
2629053000,대연제3동,남구
2629054000,대연제4동,남구
2629055000,대연제5동,남구
2629056000,대연제6동,남구
2629057000,용호제1동,남구
2629058000,용호제2동,남구
2629059000,용호제3동,남구
2629060000,용호제4동,남구
2629061000,용당동,남구
2629062000,감만제1동,남구
2629063000,감만제2동,남구
2629064500,우암동,남구
2629068000,문현제1동,남구
2629069000,문현제2동,남구
2629070000,문현제3동,남구
2629071000,문현제4동,남구
2632000000,북구,
2632051000,구포제1동,북구
2632052000,구포제2동,북구
2632052100,구포제3동,북구
2632053000,금곡동,북구
2632054100,화명제1동,북구
2632054200,화명제2동,북구
2632054300,화명제3동,북구
2632055000,덕천제1동,북구
2632056000,덕천제2동,북구
2632056100,덕천제3동,북구
2632057100,만덕제1동,북구
2632057200,만덕제2동,북구
2632057300,만덕제3동,북구
2635000000,해운대구,
2635051000,우제1동,해운대구
2635052000,우제2동,해운대구
2635053000,중제1동,해운대구
2635054000,중제2동,해운대구
2635055100,좌제1동,해운대구
2635055200,좌제2동,해운대구
2635055300,좌제3동,해운대구
2635055400,좌제4동,해운대구
2635056000,송정동,해운대구
2635057000,반여제1동,해운대구
2635058000,반여제2동,해운대구
2635059000,반여제3동,해운대구
2635059500,반여제4동,해운대구
2635061000,반송제1동,해운대구
2635062000,반송제2동,해운대구
2635063000,반송제3동,해운대구
2635065000,재송제1동,해운대구
2635066000,재송제2동,해운대구
2638000000,사하구,
2638051000,괴정제1동,사하구
2638052000,괴정제2동,사하구
2638053000,괴정제3동,사하구
2638054000,괴정제4동,사하구
2638055000,당리동,사하구
2638056100,하단제1동,사하구
2638056200,하단제2동,사하구
2638057100,신평제1동,사하구
2638057200,신평제2동,사하구
2638058000,장림제1동,사하구
2638059000,장림제2동,사하구
2638060100,다대제1동,사하구
2638060200,다대제2동,사하구
2638061000,구평동,사하구
2638062000,감천제1동,사하구
2638063000,감천제2동,사하구
2641000000,금정구,
2641051000,서제1동,금정구
2641052000,서제2동,금정구
2641053000,서제3동,금정구
2641055000,금사동,금정구
2641057000,부곡제1동,금정구
2641058000,부곡제2동,금정구
2641059000,부곡제3동,금정구
2641059100,부곡제4동,금정구
2641060000,장전제1동,금정구
2641061000,장전제2동,금정구
2641062000,장전제3동,금정구
2641063500,선두구동,금정구
2641066500,청룡노포동,금정구
2641067000,남산동,금정구
2641068000,구서제1동,금정구
2641069000,구서제2동,금정구
2641070000,금성동,금정구
2644000000,강서구,
2644051000,대저1동,강서구
2644052000,대저2동,강서구
2644053000,강동동,강서구
2644054000,명지동,강서구
2644055000,가락동,강서구
2644056000,녹산동,강서구
2644058000,가덕도동,강서구
2647000000,연제구,
2647061000,거제제1동,연제구
2647062000,거제제2동,연제구
2647063000,거제제3동,연제구
2647064000,거제제4동,연제구
2647065000,연산제1동,연제구
2647066000,연산제2동,연제구
2647067000,연산제3동,연제구
2647068000,연산제4동,연제구
2647069000,연산제5동,연제구
2647070000,연산제6동,연제구
2647072000,연산제8동,연제구
2647073000,연산제9동,연제구
2650000000,수영구,
2650066000,남천제1동,수영구
2650067000,남천제2동,수영구
2650073000,수영동,수영구
2650074000,망미제1동,수영구
2650075000,망미제2동,수영구
2650076000,광안제1동,수영구
2650077000,광안제2동,수영구
2650078000,광안제3동,수영구
2650079000,광안제4동,수영구
2650080000,민락동,수영구
2653000000,사상구,
2653058000,삼락동,사상구
2653059100,모라제1동,사상구
2653059300,모라제3동,사상구
2653060000,덕포제1동,사상구
2653061000,덕포제2동,사상구
2653062000,괘법동,사상구
2653064500,감전동,사상구
2653065000,주례제1동,사상구
2653066000,주례제2동,사상구
2653066100,주례제3동,사상구
2653067000,학장동,사상구
2653068000,엄궁동,사상구
2671000000,기장군,
2671025000,기장읍,기장군
2671025300,장안읍,기장군
2671031000,일광면,기장군
2671032000,정관면,기장군
2671033000,철마면,기장군
2700000000,대구광역시,
2711000000,중구,
2711051700,동인동,중구
2711054500,삼덕동,중구
2711056500,성내1동,중구
2711057500,성내2동,중구
2711058500,성내3동,중구
2711059500,대신동,중구
2711064000,남산1동,중구
2711065000,남산2동,중구
2711066000,남산3동,중구
2711067000,남산4동,중구
2711068000,대봉1동,중구
2711069000,대봉2동,중구
2714000000,동구,
2714051000,신암1동,동구
2714052000,신암2동,동구
2714053000,신암3동,동구
2714054000,신암4동,동구
2714054100,신암5동,동구
2714055500,신천1.2동,동구
2714057000,신천3동,동구
2714058000,신천4동,동구
2714059000,효목1동,동구
2714060000,효목2동,동구
2714061500,도평동,동구
2714062000,불로.봉무동,동구
2714064000,지저동,동구
2714065500,동촌동,동구
2714067000,방촌동,동구
2714068500,해안동,동구
2714072000,안심1동,동구
2714073000,안심2동,동구
2714074500,안심3.4동,동구
2714076000,공산동,동구
2717000000,서구,
2717051000,내당1동,서구
2717052500,내당2.3동,서구
2717054000,내당4동,서구
2717055000,비산1동,서구
2717056500,비산2.3동,서구
2717058000,비산4동,서구
2717059000,비산5동,서구
2717060000,비산6동,서구
2717061000,비산7동,서구
2717062000,평리1동,서구
2717063000,평리2동,서구
2717064000,평리3동,서구
2717065000,평리4동,서구
2717066000,평리5동,서구
2717066100,평리6동,서구
2717067500,상중이동,서구
2717069500,원대동,서구
2720000000,남구,
2720051500,이천동,남구
2720053000,봉덕1동,남구
2720054000,봉덕2동,남구
2720055000,봉덕3동,남구
2720056000,대명1동,남구
2720057100,대명2동,남구
2720058600,대명3동,남구
2720059000,대명4동,남구
2720060000,대명5동,남구
2720061000,대명6동,남구
2720064000,대명9동,남구
2720065000,대명10동,남구
2720066000,대명11동,남구
2723000000,북구,
2723051000,고성동,북구
2723052600,칠성동,북구
2723055000,침산1동,북구
2723056000,침산2동,북구
2723057000,침산3동,북구
2723061000,산격1동,북구
2723062000,산격2동,북구
2723063000,산격3동,북구
2723063100,산격4동,북구
2723064500,대현동,북구
2723067100,복현1동,북구
2723067200,복현2동,북구
2723068000,검단동,북구
2723069500,무태조야동,북구
2723071500,관문동,북구
2723072500,태전1동,북구
2723073500,태전2동,북구
2723074500,구암동,북구
2723075000,관음동,북구
2723077000,읍내동,북구
2723078000,동천동,북구
2723079000,노원동,북구
2723080000,국우동,북구
2726000000,수성구,
2726051000,범어1동,수성구
2726052000,범어2동,수성구
2726053000,범어3동,수성구
2726054000,범어4동,수성구
2726055000,만촌1동,수성구
2726056000,만촌2동,수성구
2726056100,만촌3동,수성구
2726057000,수성1가동,수성구
2726058000,수성2.3가동,수성구
2726059000,수성4가동,수성구
2726060100,황금1동,수성구
2726060200,황금2동,수성구
2726061000,중동,수성구
2726062000,상동,수성구
2726063000,파동,수성구
2726064000,두산동,수성구
2726065100,지산1동,수성구
2726065200,지산2동,수성구
2726066100,범물1동,수성구
2726066200,범물2동,수성구
2726067000,고산1동,수성구
2726068000,고산2동,수성구
2726069000,고산3동,수성구
2729000000,달서구,
2729051500,성당동,달서구
2729053500,두류1.2동,달서구
2729055000,두류3동,달서구
2729055500,감삼동,달서구
2729056300,죽전동,달서구
2729056800,장기동,달서구
2729057100,용산1동,달서구
2729057200,용산2동,달서구
2729057600,이곡1동,달서구
2729057700,이곡2동,달서구
2729058500,신당동,달서구
2729059000,본리동,달서구
2729060100,월성1동,달서구
2729060200,월성2동,달서구
2729061500,진천동,달서구
2729062400,상인1동,달서구
2729062500,상인2동,달서구
2729062600,상인3동,달서구
2729062800,도원동,달서구
2729063000,송현1동,달서구
2729064000,송현2동,달서구
2729065000,본동,달서구
2771000000,달성군,
2771025000,화원읍,달성군
2771025300,논공읍,달성군
2771025600,다사읍,달성군
2771031000,가창면,달성군
2771033000,하빈면,달성군
2771034000,옥포면,달성군
2771036000,현풍면,달성군
2771037000,유가면,달성군
2771038000,구지면,달성군
2800000000,인천광역시,
2811000000,중구,
2811052000,연안동,중구
2811053000,신포동,중구
2811054000,신흥동,중구
2811056000,도원동,중구
2811057000,율목동,중구
2811058500,동인천동,중구
2811060000,북성동,중구
2811061000,송월동,중구
2811062000,영종동,중구
2811062800,운서동,중구
2811063000,용유동,중구
2814000000,동구,
2814051000,만석동,동구
2814052500,화수1.화평동,동구
2814053000,화수2동,동구
2814055500,송현1.2동,동구
2814057000,송현3동,동구
2814058000,송림1동,동구
2814059000,송림2동,동구
2814060500,송림3.5동,동구
2814061000,송림4동,동구
2814063000,송림6동,동구
2814064000,금창동,동구
2817000000,남구,
2817052000,숭의2동,남구
2817053500,숭의1,3동,남구
2817054000,숭의4동,남구
2817055500,용현1,4동,남구
2817056000,용현2동,남구
2817057000,용현3동,남구
2817059000,용현5동,남구
2817060000,학익1동,남구
2817061000,학익2동,남구
2817063000,도화1동,남구
2817064500,도화2,3동,남구
2817066000,주안1동,남구
2817067000,주안2동,남구
2817068000,주안3동,남구
2817069000,주안4동,남구
2817070000,주안5동,남구
2817071000,주안6동,남구
2817072000,주안7동,남구
2817073000,주안8동,남구
2817073500,관교동,남구
2817074000,문학동,남구
2818500000,연수구,
2818563000,옥련1동,연수구
2818564000,옥련2동,연수구
2818575000,선학동,연수구
2818576100,연수1동,연수구
2818576200,연수2동,연수구
2818576300,연수3동,연수구
2818576600,청학동,연수구
2818578000,동춘1동,연수구
2818579000,동춘2동,연수구
2818579500,동춘3동,연수구
2818582000,송도1동,연수구
2818583000,송도2동,연수구
2818584000,송도3동,연수구
2820000000,남동구,
2820051000,구월1동,남동구
2820052000,구월2동,남동구
2820052100,구월3동,남동구
2820052200,구월4동,남동구
2820053000,간석1동,남동구
2820054000,간석2동,남동구
2820055000,간석3동,남동구
2820055100,간석4동,남동구
2820056000,만수1동,남동구
2820057000,만수2동,남동구
2820058000,만수3동,남동구
2820058100,만수4동,남동구
2820058200,만수5동,남동구
2820058300,만수6동,남동구
2820065000,장수서창동,남동구
2820066000,남촌도림동,남동구
2820069000,논현1동,남동구
2820070000,논현2동,남동구
2820071000,논현고잔동,남동구
2823700000,부평구,
2823751000,부평1동,부평구
2823752000,부평2동,부평구
2823753000,부평3동,부평구
2823754000,부평4동,부평구
2823755000,부평5동,부평구
2823756000,부평6동,부평구
2823757000,산곡1동,부평구
2823758000,산곡2동,부평구
2823758100,산곡3동,부평구
2823758200,산곡4동,부평구
2823759100,청천1동,부평구
2823759200,청천2동,부평구
2823764100,갈산1동,부평구
2823764200,갈산2동,부평구
2823764600,삼산1동,부평구
2823764800,삼산2동,부평구
2823765000,부개1동,부평구
2823766000,부개2동,부평구
2823766100,부개3동,부평구
2823767000,일신동,부평구
2823768000,십정1동,부평구
2823769000,십정2동,부평구
2824500000,계양구,
2824560100,효성1동,계양구
2824560200,효성2동,계양구
2824561100,계산1동,계양구
2824561200,계산2동,계양구
2824561300,계산3동,계양구
2824561400,계산4동,계양구
2824562100,작전1동,계양구
2824562200,작전2동,계양구
2824564000,작전서운동,계양구
2824571000,계양1동,계양구
2824572000,계양2동,계양구
2826000000,서구,
2826051500,검암경서동,서구
2826053000,연희동,서구
2826053600,청라1동,서구
2826053700,청라2동,서구
2826054200,가정1동,서구
2826054300,가정2동,서구
2826054400,가정3동,서구
2826055000,석남1동,서구
2826056000,석남2동,서구
2826056100,석남3동,서구
2826057500,신현원창동,서구
2826058000,가좌1동,서구
2826059000,가좌2동,서구
2826060000,가좌3동,서구
2826061000,가좌4동,서구
2826063000,검단1동,서구
2826064000,검단2동,서구
2826065000,검단3동,서구
2826066000,검단4동,서구
2826067000,검단5동,서구
2871000000,강화군,
2871025000,강화읍,강화군
2871031000,선원면,강화군
2871032000,불은면,강화군
2871033000,길상면,강화군
2871034000,화도면,강화군
2871035000,양도면,강화군
2871036000,내가면,강화군
2871037000,하점면,강화군
2871038000,양사면,강화군
2871039000,송해면,강화군
2871040000,교동면,강화군
2871041000,삼산면,강화군
2871042000,서도면,강화군
2872000000,옹진군,
2872031000,북도면,옹진군
2872033000,백령면,옹진군
2872034000,대청면,옹진군
2872035000,덕적면,옹진군
2872036000,영흥면,옹진군
2872037000,자월면,옹진군
2872038000,연평면,옹진군
2900000000,광주광역시,
2911000000,동구,
2911052500,충장동,동구
2911054500,동명동,동구
2911056000,계림1동,동구
2911057000,계림2동,동구
2911059000,산수1동,동구
2911060000,산수2동,동구
2911062000,지산1동,동구
2911063000,지산2동,동구
2911065500,서남동,동구
2911068500,학동,동구
2911071000,학운동,동구
2911073000,지원1동,동구
2911074000,지원2동,동구
2914000000,서구,
2914057500,양동,서구
2914059000,양3동,서구
2914065000,농성1동,서구
2914066000,농성2동,서구
2914073000,광천동,서구
2914074000,유덕동,서구
2914074500,치평동,서구
2914075100,상무1동,서구
2914075200,상무2동,서구
2914076000,화정1동,서구
2914077000,화정2동,서구
2914078000,화정3동,서구
2914079000,화정4동,서구
2914080000,서창동,서구
2914082100,금호1동,서구
2914082400,금호2동,서구
2914083000,풍암동,서구
2914084000,동천동,서구
2915500000,남구,
2915551000,양림동,남구
2915552000,방림1동,남구
2915553000,방림2동,남구
2915553700,봉선1동,남구
2915553800,봉선2동,남구
2915554500,사직동,남구
2915560500,월산동,남구
2915563000,월산4동,남구
2915564000,월산5동,남구
2915567000,백운1동,남구
2915568000,백운2동,남구
2915569000,주월1동,남구
2915570000,주월2동,남구
2915571000,효덕동,남구
2915572000,송암동,남구
2915573000,대촌동,남구
2917000000,북구,
2917051000,중흥1동,북구
2917052000,중흥2동,북구
2917053000,중흥3동,북구
2917055500,중앙동,북구
2917057000,임동,북구
2917058000,신안동,북구
2917059000,용봉동,북구
2917060100,운암1동,북구
2917060200,운암2동,북구
2917060300,운암3동,북구
2917061500,동림동,북구
2917062000,우산동,북구
2917063500,풍향동,북구
2917065000,문화동,북구
2917065600,문흥1동,북구
2917065700,문흥2동,북구
2917066100,두암1동,북구
2917066200,두암2동,북구
2917066300,두암3동,북구
2917066600,삼각동,북구
2917066900,일곡동,북구
2917067300,매곡동,북구
2917067600,오치1동,북구
2917067700,오치2동,북구
2917068500,석곡동,북구
2917069500,건국동,북구
2917069600,양산동,북구
2920000000,광산구,
2920051500,송정1동,광산구
2920052500,송정2동,광산구
2920054000,도산동,광산구
2920055000,신흥동,광산구
2920056500,어룡동,광산구
2920058000,우산동,광산구
2920060000,월곡1동,광산구
2920061000,월곡2동,광산구
2920062000,비아동,광산구
2920062400,첨단1동,광산구
2920062600,첨단2동,광산구
2920063000,신가동,광산구
2920063500,운남동,광산구
2920063700,수완동,광산구
2920064000,하남동,광산구
2920065000,임곡동,광산구
2920066000,동곡동,광산구
2920067000,평동,광산구
2920068000,삼도동,광산구
2920069000,본량동,광산구
2920070000,신창동,광산구
3000000000,대전광역시,
3011000000,동구,
3011051500,중앙동,동구
3011053000,효동,동구
3011054500,신인동,동구
3011055100,판암1동,동구
3011055200,판암2동,동구
3011056000,용운동,동구
3011058500,대동,동구
3011059000,자양동,동구
3011062000,가양1동,동구
3011063000,가양2동,동구
3011064000,용전동,동구
3011066500,성남동,동구
3011067000,홍도동,동구
3011069500,삼성동,동구
3011072500,대청동,동구
3011074000,산내동,동구
3014000000,중구,
3014053500,은행선화동,중구
3014055000,목동,중구
3014056000,중촌동,중구
3014057500,대흥동,중구
3014060500,문창동,중구
3014062000,석교동,중구
3014063000,대사동,중구
3014064000,부사동,중구
3014065500,용두동,중구
3014067000,오류동,중구
3014068000,태평1동,중구
3014069000,태평2동,중구
3014070000,유천1동,중구
3014071000,유천2동,중구
3014072000,문화1동,중구
3014073000,문화2동,중구
3014074000,산성동,중구
3017000000,서구,
3017051000,복수동,서구
3017052000,도마1동,서구
3017053000,도마2동,서구
3017053500,정림동,서구
3017054000,변동,서구
3017055000,용문동,서구
3017055500,탄방동,서구
3017056000,괴정동,서구
3017057000,가장동,서구
3017057500,내동,서구
3017058100,갈마1동,서구
3017058200,갈마2동,서구
3017058600,월평1동,서구
3017058700,월평2동,서구
3017058800,월평3동,서구
3017059000,가수원동,서구
3017059600,관저1동,서구
3017059700,관저2동,서구
3017060000,기성동,서구
3017063000,둔산1동,서구
3017064000,둔산2동,서구
3017065000,만년동,서구
3017066000,둔산3동,서구
3020000000,유성구,
3020052000,진잠동,유성구
3020053000,온천1동,유성구
3020054000,온천2동,유성구
3020054600,노은1동,유성구
3020054700,노은2동,유성구
3020055000,신성동,유성구
3020057000,전민동,유성구
3020058000,구즉동,유성구
3020060000,관평동,유성구
3020061000,원신흥동,유성구
3023000000,대덕구,
3023051000,오정동,대덕구
3023052000,대화동,대덕구
3023052500,회덕동,대덕구
3023053300,비래동,대덕구
3023054300,송촌동,대덕구
3023054600,중리동,대덕구
3023055000,신탄진동,대덕구
3023056000,석봉동,대덕구
3023057000,덕암동,대덕구
3023058000,목상동,대덕구
3023060000,법1동,대덕구
3023061000,법2동,대덕구
3100000000,울산광역시,
3111000000,중구,
3111051000,학성동,중구
3111052000,반구1동,중구
3111053000,반구2동,중구
3111054000,복산1동,중구
3111055000,복산2동,중구
3111058500,중앙동,중구
3111059000,우정동,중구
3111060000,태화동,중구
3111061000,다운동,중구
3111062000,병영1동,중구
3111063000,병영2동,중구
3111064000,약사동,중구
3111065000,성안동,중구
3114000000,남구,
3114051000,신정1동,남구
3114052000,신정2동,남구
3114053000,신정3동,남구
3114054000,신정4동,남구
3114055000,신정5동,남구
3114056000,달동,남구
3114057000,삼산동,남구
3114058500,삼호동,남구
3114059500,무거동,남구
3114060000,옥동,남구
3114062500,대현동,남구
3114063500,수암동,남구
3114064000,선암동,남구
3114067000,야음장생포동,남구
3117000000,동구,
3117051000,방어동,동구
3117052000,일산동,동구
3117053000,화정동,동구
3117054000,대송동,동구
3117055000,전하1동,동구
3117056000,전하2동,동구
3117058000,남목1동,동구
3117059000,남목2동,동구
3117060000,남목3동,동구
3120000000,북구,
3120051000,농소1동,북구
3120052000,농소2동,북구
3120053000,농소3동,북구
3120054000,강동동,북구
3120056000,효문동,북구
3120057000,송정동,북구
3120058000,양정동,북구
3120059000,염포동,북구
3171000000,울주군,
3171025000,온산읍,울주군
3171025300,언양읍,울주군
3171025600,온양읍,울주군
3171025900,범서읍,울주군
3171031000,서생면,울주군
3171033000,청량면,울주군
3171034000,웅촌면,울주군
3171036000,두동면,울주군
3171037000,두서면,울주군
3171038000,상북면,울주군
3171039000,삼남면,울주군
3171040000,삼동면,울주군
3600000000,세종특별자치시,
3611000000,세종특별자치시,
3611025000,조치원읍,세종특별자치시
3611031000,연기면,세종특별자치시
3611032000,연동면,세종특별자치시
3611033000,부강면,세종특별자치시
3611034000,금남면,세종특별자치시
3611035000,장군면,세종특별자치시
3611036000,연서면,세종특별자치시
3611037000,전의면,세종특별자치시
3611038000,전동면,세종특별자치시
3611039000,소정면,세종특별자치시
3611051000,한솔동,세종특별자치시
3611052000,도담동,세종특별자치시
3611053000,아름동,세종특별자치시
4100000000,경기도,
4111100000,수원시장안구,
4111156000,파장동,수원시장안구
4111156600,율천동,수원시장안구
4111157100,정자1동,수원시장안구
4111157200,정자2동,수원시장안구
4111157300,정자3동,수원시장안구
4111158000,영화동,수원시장안구
4111159100,송죽동,수원시장안구
4111159700,조원1동,수원시장안구
4111159800,조원2동,수원시장안구
4111160000,연무동,수원시장안구
4111300000,수원시권선구,
4111352000,세류1동,수원시권선구
4111353000,세류2동,수원시권선구
4111354000,세류3동,수원시권선구
4111355000,평동,수원시권선구
4111356000,서둔동,수원시권선구
4111365000,구운동,수원시권선구
4111366000,금호동,수원시권선구
4111367000,권선1동,수원시권선구
4111368000,권선2동,수원시권선구
4111369000,곡선동,수원시권선구
4111370000,입북동,수원시권선구
4111500000,수원시팔달구,
4111565000,매교동,수원시팔달구
4111566000,매산동,수원시팔달구
4111567000,고등동,수원시팔달구
4111568000,화서1동,수원시팔달구
4111569000,화서2동,수원시팔달구
4111570000,지동,수원시팔달구
4111571000,우만1동,수원시팔달구
4111572000,우만2동,수원시팔달구
4111573000,인계동,수원시팔달구
4111574000,행궁동,수원시팔달구
4111700000,수원시영통구,
4111751000,매탄1동,수원시영통구
4111752000,매탄2동,수원시영통구
4111753000,매탄3동,수원시영통구
4111754000,매탄4동,수원시영통구
4111755000,원천동,수원시영통구
4111757000,영통1동,수원시영통구
4111758000,영통2동,수원시영통구
4111759000,태장동,수원시영통구
4111760000,광교1동,수원시영통구
4111761000,광교2동,수원시영통구
4113100000,성남시수정구,
4113151000,신흥1동,성남시수정구
4113152000,신흥2동,성남시수정구
4113153000,신흥3동,성남시수정구
4113154000,태평1동,성남시수정구
4113155000,태평2동,성남시수정구
4113156000,태평3동,성남시수정구
4113156100,태평4동,성남시수정구
4113157000,수진1동,성남시수정구
4113158000,수진2동,성남시수정구
4113159000,단대동,성남시수정구
4113160000,산성동,성남시수정구
4113161000,양지동,성남시수정구
4113162000,복정동,성남시수정구
4113163000,신촌동,성남시수정구
4113164000,고등동,성남시수정구
4113165000,시흥동,성남시수정구
4113300000,성남시중원구,
4113351000,성남동,성남시중원구
4113352500,중앙동,성남시중원구
4113353000,금광1동,성남시중원구
4113354000,금광2동,성남시중원구
4113355000,은행1동,성남시중원구
4113356000,은행2동,성남시중원구
4113357000,상대원1동,성남시중원구
4113358000,상대원2동,성남시중원구
4113359000,상대원3동,성남시중원구
4113366000,하대원동,성남시중원구
4113367000,도촌동,성남시중원구
4113500000,성남시분당구,
4113551000,분당동,성남시분당구
4113552000,수내1동,성남시분당구
4113553000,수내2동,성남시분당구
4113554000,수내3동,성남시분당구
4113555000,정자1동,성남시분당구
4113556000,정자2동,성남시분당구
4113557000,정자3동,성남시분당구
4113558000,서현1동,성남시분당구
4113559000,서현2동,성남시분당구
4113560000,이매1동,성남시분당구
4113561000,이매2동,성남시분당구
4113562000,야탑1동,성남시분당구
4113563000,야탑2동,성남시분당구
4113564000,야탑3동,성남시분당구
4113565000,판교동,성남시분당구
4113565500,삼평동,성남시분당구
4113565700,백현동,성남시분당구
4113566200,금곡동,성남시분당구
4113566500,구미1동,성남시분당구
4113567000,구미동,성남시분당구
4113568000,운중동,성남시분당구
4115000000,의정부시,
4115051000,의정부1동,의정부시
4115052000,의정부2동,의정부시
4115053000,의정부3동,의정부시
4115054500,호원1동,의정부시
4115055500,호원2동,의정부시
4115056100,장암동,의정부시
4115056700,신곡1동,의정부시
4115056800,신곡2동,의정부시
4115057300,송산1동,의정부시
4115057600,송산2동,의정부시
4115058000,자금동,의정부시
4115059000,가능1동,의정부시
4115060000,가능2동,의정부시
4115061000,가능3동,의정부시
4115062000,녹양동,의정부시
4117100000,안양시만안구,
4117151000,안양1동,안양시만안구
4117152000,안양2동,안양시만안구
4117153000,안양3동,안양시만안구
4117154000,안양4동,안양시만안구
4117155000,안양5동,안양시만안구
4117156000,안양6동,안양시만안구
4117157000,안양7동,안양시만안구
4117158000,안양8동,안양시만안구
4117158100,안양9동,안양시만안구
4117159000,석수1동,안양시만안구
4117160000,석수2동,안양시만안구
4117161000,석수3동,안양시만안구
4117162100,박달1동,안양시만안구
4117163000,박달2동,안양시만안구
4117300000,안양시동안구,
4117351000,비산1동,안양시동안구
4117352000,비산2동,안양시동안구
4117353000,비산3동,안양시동안구
4117354000,부흥동,안양시동안구
4117354600,달안동,안양시동안구
4117355000,관양1동,안양시동안구
4117356000,관양2동,안양시동안구
4117356600,부림동,안양시동안구
4117357000,평촌동,안양시동안구
4117357600,평안동,안양시동안구
4117357800,귀인동,안양시동안구
4117358000,호계1동,안양시동안구
4117359000,호계2동,안양시동안구
4117360000,호계3동,안양시동안구
4117361000,범계동,안양시동안구
4117362000,신촌동,안양시동안구
4117363000,갈산동,안양시동안구
4119500000,부천시원미구,
4119551000,심곡1동,부천시원미구
4119552000,심곡2동,부천시원미구
4119553000,심곡3동,부천시원미구
4119554000,원미1동,부천시원미구
4119555000,원미2동,부천시원미구
4119556000,소사동,부천시원미구
4119557000,역곡1동,부천시원미구
4119558000,역곡2동,부천시원미구
4119559000,춘의동,부천시원미구
4119560000,도당동,부천시원미구
4119561000,약대동,부천시원미구
4119562000,중동,부천시원미구
4119563000,중1동,부천시원미구
4119564000,중2동,부천시원미구
4119565000,중3동,부천시원미구
4119566000,중4동,부천시원미구
4119567000,상동,부천시원미구
4119568000,상1동,부천시원미구
4119569000,상2동,부천시원미구
4119570000,상3동,부천시원미구
4119700000,부천시소사구,
4119751000,심곡본1동,부천시소사구
4119752000,심곡본동,부천시소사구
4119753500,소사본동,부천시소사구
4119755000,소사본3동,부천시소사구
4119756000,범박동,부천시소사구
4119757000,괴안동,부천시소사구
4119758000,역곡3동,부천시소사구
4119759000,송내1동,부천시소사구
4119760000,송내2동,부천시소사구
4119900000,부천시오정구,
4119951000,성곡동,부천시오정구
4119952000,원종1동,부천시오정구
4119953000,원종2동,부천시오정구
4119954000,고강본동,부천시오정구
4119955000,고강1동,부천시오정구
4119956000,오정동,부천시오정구
4119957000,신흥동,부천시오정구
4121000000,광명시,
4121051000,광명1동,광명시
4121052000,광명2동,광명시
4121054000,광명3동,광명시
4121055000,광명4동,광명시
4121056000,광명5동,광명시
4121057000,광명6동,광명시
4121058000,광명7동,광명시
4121059000,철산1동,광명시
4121060000,철산2동,광명시
4121061000,철산3동,광명시
4121062000,철산4동,광명시
4121063100,하안1동,광명시
4121063200,하안2동,광명시
4121063300,하안3동,광명시
4121063400,하안4동,광명시
4121064000,소하1동,광명시
4121065000,소하2동,광명시
4121066000,학온동,광명시
4122000000,평택시,
4122025000,팽성읍,평택시
4122025300,안중읍,평택시
4122025600,포승읍,평택시
4122031000,진위면,평택시
4122032000,서탄면,평택시
4122033000,고덕면,평택시
4122034000,오성면,평택시
4122035000,청북면,평택시
4122037000,현덕면,평택시
4122051000,중앙동,평택시
4122052000,서정동,평택시
4122053500,송탄동,평택시
4122055000,지산동,평택시
4122056000,송북동,평택시
4122057000,신장1동,평택시
4122058000,신장2동,평택시
4122059000,신평동,평택시
4122060000,원평동,평택시
4122061000,통복동,평택시
4122062000,비전1동,평택시
4122063000,비전2동,평택시
4122064000,세교동,평택시
4125000000,동두천시,
4125051000,생연1동,동두천시
4125052000,생연2동,동두천시
4125053500,중앙동,동두천시
4125055000,보산동,동두천시
4125056500,불현동,동두천시
4125056600,송내동,동두천시
4125058000,소요동,동두천시
4125060000,상패동,동두천시
4127100000,안산시상록구,
4127151000,일동,안산시상록구
4127151500,이동,안산시상록구
4127152000,사1동,안산시상록구
4127153000,사2동,안산시상록구
4127153500,사3동,안산시상록구
4127154000,본오1동,안산시상록구
4127155000,본오2동,안산시상록구
4127156000,본오3동,안산시상록구
4127157000,부곡동,안산시상록구
4127158000,월피동,안산시상록구
4127159000,성포동,안산시상록구
4127160000,반월동,안산시상록구
4127161000,안산동,안산시상록구
4127300000,안산시단원구,
4127351000,와동,안산시단원구
4127352000,고잔1동,안산시단원구
4127353000,고잔2동,안산시단원구
4127353500,호수동,안산시단원구
4127354000,원곡본동,안산시단원구
4127355000,원곡1동,안산시단원구
4127356000,원곡2동,안산시단원구
4127357000,초지동,안산시단원구
4127358000,선부1동,안산시단원구
4127359000,선부2동,안산시단원구
4127360000,선부3동,안산시단원구
4127361000,대부동,안산시단원구
4128100000,고양시덕양구,
4128151000,주교동,고양시덕양구
4128152000,원신동,고양시덕양구
4128153000,흥도동,고양시덕양구
4128154000,성사1동,고양시덕양구
4128155000,성사2동,고양시덕양구
4128156000,효자동,고양시덕양구
4128157000,신도동,고양시덕양구
4128158000,창릉동,고양시덕양구
4128159000,고양동,고양시덕양구
4128160000,관산동,고양시덕양구
4128161000,능곡동,고양시덕양구
4128162100,화정1동,고양시덕양구
4128162200,화정2동,고양시덕양구
4128163000,행주동,고양시덕양구
4128164000,행신1동,고양시덕양구
4128165000,행신2동,고양시덕양구
4128165500,행신3동,고양시덕양구
4128166000,화전동,고양시덕양구
4128167000,대덕동,고양시덕양구
4128500000,고양시일산동구,
4128551000,식사동,고양시일산동구
4128552000,중산동,고양시일산동구
4128553000,정발산동,고양시일산동구
4128554000,풍산동,고양시일산동구
4128555100,백석1동,고양시일산동구
4128555200,백석2동,고양시일산동구
4128556000,마두1동,고양시일산동구
4128557000,마두2동,고양시일산동구
4128558000,장항1동,고양시일산동구
4128559000,장항2동,고양시일산동구
4128560000,고봉동,고양시일산동구
4128700000,고양시일산서구,
4128751000,일산1동,고양시일산서구
4128752000,일산2동,고양시일산서구
4128753000,일산3동,고양시일산서구
4128754000,탄현동,고양시일산서구
4128755000,주엽1동,고양시일산서구
4128756000,주엽2동,고양시일산서구
4128757000,대화동,고양시일산서구
4128758000,송포동,고양시일산서구
4128759000,송산동,고양시일산서구
4129000000,과천시,
4129051000,중앙동,과천시
4129052000,갈현동,과천시
4129053000,별양동,과천시
4129054000,부림동,과천시
4129055000,과천동,과천시
4129056000,문원동,과천시
4131000000,구리시,
4131051000,갈매동,구리시
4131052000,동구동,구리시
4131053000,인창동,구리시
4131054100,교문1동,구리시
4131054200,교문2동,구리시
4131057000,수택1동,구리시
4131058000,수택2동,구리시
4131059000,수택3동,구리시
4136000000,남양주시,
4136025000,와부읍,남양주시
4136025300,진접읍,남양주시
4136025600,화도읍,남양주시
4136025900,진건읍,남양주시
4136026200,오남읍,남양주시
4136031000,별내면,남양주시
4136034000,수동면,남양주시
4136036000,조안면,남양주시
4136037000,퇴계원면,남양주시
4136051000,호평동,남양주시
4136052000,평내동,남양주시
4136053000,금곡동,남양주시
4136054000,양정동,남양주시
4136055000,지금동,남양주시
4136056000,도농동,남양주시
4136057000,별내동,남양주시
4137000000,오산시,
4137051000,중앙동,오산시
4137053000,남촌동,오산시
4137054000,신장동,오산시
4137055000,세마동,오산시
4137056000,초평동,오산시
4137057000,대원동,오산시
4139000000,시흥시,
4139051000,대야동,시흥시
4139052000,신천동,시흥시
4139053100,신현동,시흥시
4139054000,은행동,시흥시
4139055000,매화동,시흥시
4139057000,목감동,시흥시
4139058100,군자동,시흥시
4139058200,월곶동,시흥시
4139058900,정왕본동,시흥시
4139059100,정왕1동,시흥시
4139059200,정왕2동,시흥시
4139059300,정왕3동,시흥시
4139059400,정왕4동,시흥시
4139062100,과림동,시흥시
4139063000,연성동,시흥시
4139063100,장곡동,시흥시
4139064000,능곡동,시흥시
4141000000,군포시,
4141051000,군포1동,군포시
4141052000,군포2동,군포시
4141054000,산본1동,군포시
4141055000,산본2동,군포시
4141056000,금정동,군포시
4141057000,재궁동,군포시
4141058000,오금동,군포시
4141059000,수리동,군포시
4141060000,궁내동,군포시
4141061000,대야동,군포시
4141062000,광정동,군포시
4143000000,의왕시,
4143051000,고천동,의왕시
4143052000,부곡동,의왕시
4143053000,오전동,의왕시
4143054000,내손1동,의왕시
4143055000,내손2동,의왕시
4143056000,청계동,의왕시
4145000000,하남시,
4145051000,천현동,하남시
4145052000,신장1동,하남시
4145053000,신장2동,하남시
4145054000,덕풍1동,하남시
4145055000,덕풍2동,하남시
4145056000,덕풍3동,하남시
4145057000,풍산동,하남시
4145058000,감북동,하남시
4145059000,춘궁동,하남시
4145060000,초이동,하남시
4145061000,미사1동,하남시
4145062000,미사2동,하남시
4146100000,용인시처인구,
4146125000,포곡읍,용인시처인구
4146131000,모현면,용인시처인구
4146132000,남사면,용인시처인구
4146133000,이동면,용인시처인구
4146134000,원삼면,용인시처인구
4146135000,백암면,용인시처인구
4146136000,양지면,용인시처인구
4146151000,중앙동,용인시처인구
4146152000,역삼동,용인시처인구
4146153000,유림동,용인시처인구
4146154000,동부동,용인시처인구
4146300000,용인시기흥구,
4146351000,신갈동,용인시기흥구
4146351500,영덕동,용인시기흥구
4146352000,구갈동,용인시기흥구
4146353000,상갈동,용인시기흥구
4146354000,기흥동,용인시기흥구
4146355000,서농동,용인시기흥구
4146356000,구성동,용인시기흥구
4146357000,마북동,용인시기흥구
4146358500,동백동,용인시기흥구
4146358600,상하동,용인시기흥구
4146359000,보정동,용인시기흥구
4146500000,용인시수지구,
4146551000,풍덕천1동,용인시수지구
4146552000,풍덕천2동,용인시수지구
4146553000,신봉동,용인시수지구
4146554000,죽전1동,용인시수지구
4146555000,죽전2동,용인시수지구
4146556000,동천동,용인시수지구
4146557000,상현1동,용인시수지구
4146558000,상현2동,용인시수지구
4146559000,성복동,용인시수지구
4148000000,파주시,
4148025000,문산읍,파주시
4148025300,파주읍,파주시
4148025600,법원읍,파주시
4148026200,조리읍,파주시
4148031000,월롱면,파주시
4148032000,탄현면,파주시
4148035000,광탄면,파주시
4148036000,파평면,파주시
4148037000,적성면,파주시
4148038000,군내면,파주시
4148039000,장단면,파주시
4148040000,진동면,파주시
4148041000,진서면,파주시
4148051000,금촌1동,파주시
4148052000,금촌2동,파주시
4148053000,금촌3동,파주시
4148054000,교하동,파주시
4148055000,운정1동,파주시
4148056000,운정2동,파주시
4148057000,운정3동,파주시
4150000000,이천시,
4150025000,장호원읍,이천시
4150025300,부발읍,이천시
4150031000,신둔면,이천시
4150032000,백사면,이천시
4150033000,호법면,이천시
4150034000,마장면,이천시
4150035000,대월면,이천시
4150036000,모가면,이천시
4150037000,설성면,이천시
4150038000,율면,이천시
4150051000,창전동,이천시
4150051500,증포동,이천시
4150052000,중리동,이천시
4150053000,관고동,이천시
4155000000,안성시,
4155025000,공도읍,안성시
4155031000,보개면,안성시
4155032000,금광면,안성시
4155033000,서운면,안성시
4155034000,미양면,안성시
4155035000,대덕면,안성시
4155036000,양성면,안성시
4155038000,원곡면,안성시
4155039000,일죽면,안성시
4155040000,죽산면,안성시
4155041000,삼죽면,안성시
4155042000,고삼면,안성시
4155051000,안성1동,안성시
4155052000,안성2동,안성시
4155053000,안성3동,안성시
4157000000,김포시,
4157025000,통진읍,김포시
4157025300,고촌읍,김포시
4157025600,양촌읍,김포시
4157034000,대곶면,김포시
4157035000,월곶면,김포시
4157036000,하성면,김포시
4157051000,김포1동,김포시
4157052000,김포2동,김포시
4157054000,사우동,김포시
4157055000,풍무동,김포시
4157056000,장기동,김포시
4157057000,구래동,김포시
4157058000,운양동,김포시
4159000000,화성시,
4159025300,봉담읍,화성시
4159025600,우정읍,화성시
4159025900,향남읍,화성시
4159026200,남양읍,화성시
4159031000,매송면,화성시
4159032000,비봉면,화성시
4159033000,마도면,화성시
4159034000,송산면,화성시
4159035000,서신면,화성시
4159036000,팔탄면,화성시
4159037000,장안면,화성시
4159040000,양감면,화성시
4159041000,정남면,화성시
4159042000,동탄면,화성시
4159052000,진안동,화성시
4159053000,병점1동,화성시
4159054000,병점2동,화성시
4159055000,반월동,화성시
4159056000,기배동,화성시
4159057000,화산동,화성시
4159058500,동탄1동,화성시
4159058600,동탄2동,화성시
4159058700,동탄3동,화성시
4159058800,동탄4동,화성시
4161000000,광주시,
4161025000,오포읍,광주시
4161025300,초월읍,광주시
4161025900,곤지암읍,광주시
4161033000,도척면,광주시
4161034000,퇴촌면,광주시
4161035000,남종면,광주시
4161036000,중부면,광주시
4161051000,경안동,광주시
4161052000,송정동,광주시
4161053000,광남동,광주시
4163000000,양주시,
4163025000,백석읍,양주시
4163031000,은현면,양주시
4163032000,남면,양주시
4163033000,광적면,양주시
4163034000,장흥면,양주시
4163051000,양주1동,양주시
4163052000,양주2동,양주시
4163053000,회천1동,양주시
4163054000,회천2동,양주시
4163055000,회천3동,양주시
4163056000,회천4동,양주시
4165000000,포천시,
4165025000,소흘읍,포천시
4165031000,군내면,포천시
4165032000,내촌면,포천시
4165033000,가산면,포천시
4165034000,신북면,포천시
4165035000,창수면,포천시
4165036000,영중면,포천시
4165037000,일동면,포천시
4165038000,이동면,포천시
4165039000,영북면,포천시
4165040000,관인면,포천시
4165041000,화현면,포천시
4165051000,포천동,포천시
4165052000,선단동,포천시
4167000000,여주시,
4167025000,가남면,여주시
4167031000,점동면,여주시
4167032000,흥천면,여주시
4167033000,금사면,여주시
4167034000,능서면,여주시
4167035000,대신면,여주시
4167036000,북내면,여주시
4167037000,강천면,여주시
4167038000,산북면,여주시
4167051000,여흥동,여주시
4167052000,중앙동,여주시
4167053000,오학동,여주시
4180000000,연천군,
4180025000,연천읍,연천군
4180025300,전곡읍,연천군
4180031000,군남면,연천군
4180032000,청산면,연천군
4180033000,백학면,연천군
4180034000,미산면,연천군
4180035000,왕징면,연천군
4180036000,신서면,연천군
4180037000,중면,연천군
4180038000,장남면,연천군
4182000000,가평군,
4182025000,가평읍,가평군
4182031000,설악면,가평군
4182032500,청평면,가평군
4182033000,상면,가평군
4182034000,하면,가평군
4182035000,북면,가평군
4183000000,양평군,
4183025000,양평읍,양평군
4183031000,강상면,양평군
4183032000,강하면,양평군
4183033000,양서면,양평군
4183034000,옥천면,양평군
4183035000,서종면,양평군
4183036000,단월면,양평군
4183037000,청운면,양평군
4183038000,양동면,양평군
4183039500,지평면,양평군
4183040000,용문면,양평군
4183041000,개군면,양평군
4200000000,강원도,
4211000000,춘천시,
4211025000,신북읍,춘천시
4211031000,동면,춘천시
4211032000,동산면,춘천시
4211033000,신동면,춘천시
4211034000,남면,춘천시
4211035000,서면,춘천시
4211036000,사북면,춘천시
4211038000,북산면,춘천시
4211039000,동내면,춘천시
4211040000,남산면,춘천시
4211052000,교동,춘천시
4211053000,조운동,춘천시
4211054500,약사명동,춘천시
4211057000,근화동,춘천시
4211058000,소양동,춘천시
4211060000,후평1동,춘천시
4211061000,후평2동,춘천시
4211061100,후평3동,춘천시
4211062000,효자1동,춘천시
4211063000,효자2동,춘천시
4211064000,효자3동,춘천시
4211065000,석사동,춘천시
4211066000,퇴계동,춘천시
4211067500,강남동,춘천시
4211070500,신사우동,춘천시
4213000000,원주시,
4213025000,문막읍,원주시
4213031000,소초면,원주시
4213032000,호저면,원주시
4213033000,지정면,원주시
4213035000,부론면,원주시
4213036000,귀래면,원주시
4213037000,흥업면,원주시
4213038000,판부면,원주시
4213039000,신림면,원주시
4213051500,중앙동,원주시
4213052000,원인동,원주시
4213053000,개운동,원주시
4213054100,명륜1동,원주시
4213054200,명륜2동,원주시
4213055000,단구동,원주시
4213056000,일산동,원주시
4213057500,학성동,원주시
4213059000,단계동,원주시
4213060000,우산동,원주시
4213061000,태장1동,원주시
4213062000,태장2동,원주시
4213063500,봉산동,원주시
4213065000,행구동,원주시
4213066000,무실동,원주시
4213067500,반곡관설동,원주시
4215000000,강릉시,
4215025000,주문진읍,강릉시
4215031000,성산면,강릉시
4215032000,왕산면,강릉시
4215033000,구정면,강릉시
4215034000,강동면,강릉시
4215035000,옥계면,강릉시
4215036000,사천면,강릉시
4215037000,연곡면,강릉시
4215051000,홍제동,강릉시
4215052000,중앙동,강릉시
4215054000,옥천동,강릉시
4215055000,교1동,강릉시
4215056000,교2동,강릉시
4215057100,포남1동,강릉시
4215057200,포남2동,강릉시
4215058000,초당동,강릉시
4215059000,송정동,강릉시
4215060000,내곡동,강릉시
4215061500,강남동,강릉시
4215064500,성덕동,강릉시
4215066500,경포동,강릉시
4217000000,동해시,
4217051000,천곡동,동해시
4217052000,송정동,동해시
4217053000,북삼동,동해시
4217054000,부곡동,동해시
4217055000,동호동,동해시
4217057000,발한동,동해시
4217059000,묵호동,동해시
4217060000,북평동,동해시
4217063000,망상동,동해시
4217065000,삼화동,동해시
4219000000,태백시,
4219051500,황지동,태백시
4219052500,황연동,태백시
4219053500,삼수동,태백시
4219054000,상장동,태백시
4219058500,문곡소도동,태백시
4219059500,장성동,태백시
4219060500,구문소동,태백시
4219061500,철암동,태백시
4221000000,속초시,
4221051000,영랑동,속초시
4221052000,동명동,속초시
4221054000,금호동,속초시
4221056000,교동,속초시
4221057000,노학동,속초시
4221058000,조양동,속초시
4221059000,청호동,속초시
4221060000,대포동,속초시
4223000000,삼척시,
4223025000,도계읍,삼척시
4223025300,원덕읍,삼척시
4223031000,근덕면,삼척시
4223032000,하장면,삼척시
4223033000,노곡면,삼척시
4223034000,미로면,삼척시
4223035000,가곡면,삼척시
4223036000,신기면,삼척시
4223051000,남양동,삼척시
4223053000,교동,삼척시
4223054000,정라동,삼척시
4223057000,성내동,삼척시
4272000000,홍천군,
4272025000,홍천읍,홍천군
4272031000,화촌면,홍천군
4272032000,두촌면,홍천군
4272033000,내촌면,홍천군
4272034000,서석면,홍천군
4272035000,동면,홍천군
4272036000,남면,홍천군
4272037000,서면,홍천군
4272038000,북방면,홍천군
4272039000,내면,홍천군
4273000000,횡성군,
4273025000,횡성읍,횡성군
4273031000,우천면,횡성군
4273032000,안흥면,횡성군
4273033000,둔내면,횡성군
4273034000,갑천면,횡성군
4273035000,청일면,횡성군
4273036000,공근면,횡성군
4273037000,서원면,횡성군
4273038000,강림면,횡성군
4275000000,영월군,
4275025000,영월읍,영월군
4275025300,상동읍,영월군
4275031000,중동면,영월군
4275032500,김삿갓면,영월군
4275033000,북면,영월군
4275034000,남면,영월군
4275035500,한반도면,영월군
4275036000,주천면,영월군
4275037000,수주면,영월군
4276000000,평창군,
4276025000,평창읍,평창군
4276031000,미탄면,평창군
4276032000,방림면,평창군
4276033000,대화면,평창군
4276034000,봉평면,평창군
4276035000,용평면,평창군
4276036000,진부면,평창군
4276038000,대관령면,평창군
4277000000,정선군,
4277025000,정선읍,정선군
4277025300,고한읍,정선군
4277025600,사북읍,정선군
4277025900,신동읍,정선군
4277032000,남면,정선군
4277034000,북평면,정선군
4277035000,임계면,정선군
4277036000,화암면,정선군
4277037000,여량면,정선군
4278000000,철원군,
4278025000,철원읍,철원군
4278025300,김화읍,철원군
4278025600,갈말읍,철원군
4278025900,동송읍,철원군
4278031000,서면,철원군
4278032000,근남면,철원군
4278033000,근북면,철원군
4278034000,근동면,철원군
4278035000,원동면,철원군
4278036000,원남면,철원군
4278037000,임남면,철원군
4279000000,화천군,
4279025000,화천읍,화천군
4279031000,간동면,화천군
4279032000,하남면,화천군
4279033000,상서면,화천군
4279034000,사내면,화천군
4280000000,양구군,
4280025000,양구읍,양구군
4280031000,남면,양구군
4280032000,동면,양구군
4280033000,방산면,양구군
4280034000,해안면,양구군
4281000000,인제군,
4281025000,인제읍,인제군
4281031000,남면,인제군
4281032000,북면,인제군
4281033000,기린면,인제군
4281034000,서화면,인제군
4281035000,상남면,인제군
4282000000,고성군,
4282025000,간성읍,고성군
4282025300,거진읍,고성군
4282031000,현내면,고성군
4282032000,죽왕면,고성군
4282033000,토성면,고성군
4282034000,수동면,고성군
4283000000,양양군,
4283025000,양양읍,양양군
4283031000,서면,양양군
4283032000,손양면,양양군
4283033000,현북면,양양군
4283034000,현남면,양양군
4283035000,강현면,양양군
4300000000,충청북도,
4311100000,청주시상당구,
4311131000,낭성면,청주시상당구
4311132000,미원면,청주시상당구
4311133000,가덕면,청주시상당구
4311134000,남일면,청주시상당구
4311135000,문의면,청주시상당구
4311152500,중앙동,청주시상당구
4311154500,성안동,청주시상당구
4311162000,탑대성동,청주시상당구
4311167000,영운동,청주시상당구
4311168000,금천동,청주시상당구
4311169000,용담.명암.산성동,청주시상당구
4311172000,용암1동,청주시상당구
4311173000,용암2동,청주시상당구
4311200000,청주시서원구,
4311231000,남이면,청주시서원구
4311232000,현도면,청주시서원구
4311251000,사직제1동,청주시서원구
4311252000,사직제2동,청주시서원구
4311253000,사창동,청주시서원구
4311254000,모충동,청주시서원구
4311255000,산남동,청주시서원구
4311256000,분평동,청주시서원구
4311257000,수곡1동,청주시서원구
4311258000,수곡2동,청주시서원구
4311259000,성화.개신.죽림동,청주시서원구
4311300000,청주시흥덕구,
4311325000,오송읍,청주시흥덕구
4311331000,강내면,청주시흥덕구
4311332000,옥산면,청주시흥덕구
4311370000,운천.신봉동,청주시흥덕구
4311374100,복대1동,청주시흥덕구
4311374200,복대2동,청주시흥덕구
4311374700,가경동,청주시흥덕구
4311375100,봉명1동,청주시흥덕구
4311375600,봉명2.송정동,청주시흥덕구
4311376000,강서제1동,청주시흥덕구
4311377000,강서제2동,청주시흥덕구
4311400000,청주시청원구,
4311425000,내수읍,청주시청원구
4311425300,오창읍,청주시청원구
4311431000,북이면,청주시청원구
4311451000,우암동,청주시청원구
4311452000,내덕제1동,청주시청원구
4311453000,내덕제2동,청주시청원구
4311454000,율량.사천동,청주시청원구
4311455000,오근장동,청주시청원구
4313000000,충주시,
4313025000,주덕읍,충주시
4313031000,살미면,충주시
4313032500,수안보면,충주시
4313033500,대소원면,충주시
4313035000,신니면,충주시
4313036000,노은면,충주시
4313037000,앙성면,충주시
4313038500,중앙탑면,충주시
4313039000,금가면,충주시
4313040000,동량면,충주시
4313041000,산척면,충주시
4313042000,엄정면,충주시
4313043000,소태면,충주시
4313051500,성내.충인동,충주시
4313053500,교현.안림동,충주시
4313054000,교현2동,충주시
4313055000,용산동,충주시
4313056000,지현동,충주시
4313057100,문화동,충주시
4313058000,호암.직동,충주시
4313060500,달천동,충주시
4313061000,봉방동,충주시
4313062500,칠금.금릉동,충주시
4313063000,연수동,충주시
4313064000,목행.용탄동,충주시
4315000000,제천시,
4315025000,봉양읍,제천시
4315031000,금성면,제천시
4315032000,청풍면,제천시
4315033000,수산면,제천시
4315034000,덕산면,제천시
4315035000,한수면,제천시
4315036000,백운면,제천시
4315038000,송학면,제천시
4315051000,교동,제천시
4315051700,의암동,제천시
4315052700,인성동,제천시
4315053700,남현동,제천시
4315054700,영서동,제천시
4315056000,용두동,제천시
4315057700,신백동,제천시
4315059000,청전동,제천시
4315060500,화산동,제천시
4372000000,보은군,
4372025000,보은읍,보은군
4372031500,속리산면,보은군
4372032500,장안면,보은군
4372033000,마로면,보은군
4372034000,탄부면,보은군
4372035000,삼승면,보은군
4372036000,수한면,보은군
4372037000,회남면,보은군
4372038500,회인면,보은군
4372039000,내북면,보은군
4372040000,산외면,보은군
4373000000,옥천군,
4373025000,옥천읍,옥천군
4373031000,동이면,옥천군
4373032000,안남면,옥천군
4373033000,안내면,옥천군
4373034000,청성면,옥천군
4373035000,청산면,옥천군
4373036000,이원면,옥천군
4373037000,군서면,옥천군
4373038000,군북면,옥천군
4374000000,영동군,
4374025000,영동읍,영동군
4374031000,용산면,영동군
4374032000,황간면,영동군
4374033500,추풍령면,영동군
4374034000,매곡면,영동군
4374035000,상촌면,영동군
4374036000,양강면,영동군
4374037000,용화면,영동군
4374038000,학산면,영동군
4374039000,양산면,영동군
4374040000,심천면,영동군
4374500000,증평군,
4374525000,증평읍,증평군
4374531000,도안면,증평군
4375000000,진천군,
4375025000,진천읍,진천군
4375031000,덕산면,진천군
4375032000,초평면,진천군
4375033000,문백면,진천군
4375034000,백곡면,진천군
4375035000,이월면,진천군
4375037000,광혜원면,진천군
4376000000,괴산군,
4376025000,괴산읍,괴산군
4376031000,감물면,괴산군
4376032000,장연면,괴산군
4376033000,연풍면,괴산군
4376034000,칠성면,괴산군
4376035000,문광면,괴산군
4376036000,청천면,괴산군
4376037000,청안면,괴산군
4376039000,사리면,괴산군
4376040000,소수면,괴산군
4376041000,불정면,괴산군
4377000000,음성군,
4377025000,음성읍,음성군
4377025300,금왕읍,음성군
4377031000,소이면,음성군
4377032000,원남면,음성군
4377033000,맹동면,음성군
4377034000,대소면,음성군
4377035000,삼성면,음성군
4377036000,생극면,음성군
4377037000,감곡면,음성군
4380000000,단양군,
4380025000,단양읍,단양군
4380025300,매포읍,단양군
4380031000,대강면,단양군
4380032000,가곡면,단양군
4380033000,영춘면,단양군
4380034000,어상천면,단양군
4380035000,적성면,단양군
4380036000,단성면,단양군
4400000000,충청남도,
4413100000,천안시동남구,
4413125000,목천읍,천안시동남구
4413131000,풍세면,천안시동남구
4413132000,광덕면,천안시동남구
4413133000,북면,천안시동남구
4413134000,성남면,천안시동남구
4413135000,수신면,천안시동남구
4413136000,병천면,천안시동남구
4413137000,동면,천안시동남구
4413151000,중앙동,천안시동남구
4413152000,문성동,천안시동남구
4413153000,원성1동,천안시동남구
4413154000,원성2동,천안시동남구
4413155000,봉명동,천안시동남구
4413156000,일봉동,천안시동남구
4413157000,신방동,천안시동남구
4413158000,청룡동,천안시동남구
4413159000,신안동,천안시동남구
4413300000,천안시서북구,
4413325000,성환읍,천안시서북구
4413325300,성거읍,천안시서북구
4413325600,직산읍,천안시서북구
4413331000,입장면,천안시서북구
4413351000,성정1동,천안시서북구
4413352000,성정2동,천안시서북구
4413353000,쌍용1동,천안시서북구
4413354000,쌍용2동,천안시서북구
4413355000,쌍용3동,천안시서북구
4413356000,백석동,천안시서북구
4413356500,불당동,천안시서북구
4413358000,부성1동,천안시서북구
4413359000,부성2동,천안시서북구
4415000000,공주시,
4415025000,유구읍,공주시
4415031000,이인면,공주시
4415032000,탄천면,공주시
4415033000,계룡면,공주시
4415034000,반포면,공주시
4415036000,의당면,공주시
4415037000,정안면,공주시
4415038000,우성면,공주시
4415039000,사곡면,공주시
4415040000,신풍면,공주시
4415051000,중학동,공주시
4415054000,웅진동,공주시
4415055000,금학동,공주시
4415056000,옥룡동,공주시
4415057000,신관동,공주시
4415059000,월송동,공주시
4418000000,보령시,
4418025000,웅천읍,보령시
4418031000,주포면,보령시
4418032000,오천면,보령시
4418033000,천북면,보령시
4418034000,청소면,보령시
4418035000,청라면,보령시
4418036000,남포면,보령시
4418038000,주산면,보령시
4418039000,미산면,보령시
4418040000,성주면,보령시
4418041000,주교면,보령시
4418051500,대천1동,보령시
4418052500,대천2동,보령시
4418053500,대천3동,보령시
4418054500,대천4동,보령시
4418056500,대천5동,보령시
4420000000,아산시,
4420025000,염치읍,아산시
4420025300,배방읍,아산시
4420031000,송악면,아산시
4420033000,탕정면,아산시
4420035000,음봉면,아산시
4420036000,둔포면,아산시
4420037000,영인면,아산시
4420038000,인주면,아산시
4420039000,선장면,아산시
4420040000,도고면,아산시
4420041000,신창면,아산시
4420057000,온양1동,아산시
4420058000,온양2동,아산시
4420059000,온양3동,아산시
4420060000,온양4동,아산시
4420061000,온양5동,아산시
4420062000,온양6동,아산시
4421000000,서산시,
4421025000,대산읍,서산시
4421031000,인지면,서산시
4421032000,부석면,서산시
4421033000,팔봉면,서산시
4421034000,지곡면,서산시
4421036000,성연면,서산시
4421037000,음암면,서산시
4421038000,운산면,서산시
4421039000,해미면,서산시
4421040000,고북면,서산시
4421051000,부춘동,서산시
4421052500,동문1동,서산시
4421053500,동문2동,서산시
4421054000,수석동,서산시
4421055000,석남동,서산시
4423000000,논산시,
4423025000,강경읍,논산시
4423025300,연무읍,논산시
4423031000,성동면,논산시
4423032000,광석면,논산시
4423033000,노성면,논산시
4423034000,상월면,논산시
4423035000,부적면,논산시
4423036000,연산면,논산시
4423038000,벌곡면,논산시
4423039000,양촌면,논산시
4423040000,가야곡면,논산시
4423041000,은진면,논산시
4423042000,채운면,논산시
4423051000,취암동,논산시
4423052000,부창동,논산시
4425000000,계룡시,
4425031000,두마면,계룡시
4425031500,엄사면,계룡시
4425033000,신도안면,계룡시
4425051000,금암동,계룡시
4427000000,당진시,
4427025000,합덕읍,당진시
4427025300,송악읍,당진시
4427031000,고대면,당진시
4427032000,석문면,당진시
4427033000,대호지면,당진시
4427034000,정미면,당진시
4427035000,면천면,당진시
4427036000,순성면,당진시
4427037000,우강면,당진시
4427038000,신평면,당진시
4427039000,송산면,당진시
4427051000,당진1동,당진시
4427052000,당진2동,당진시
4427053000,당진3동,당진시
4471000000,금산군,
4471025000,금산읍,금산군
4471031000,금성면,금산군
4471032000,제원면,금산군
4471033000,부리면,금산군
4471034000,군북면,금산군
4471035000,남일면,금산군
4471036000,남이면,금산군
4471037000,진산면,금산군
4471038000,복수면,금산군
4471039000,추부면,금산군
4476000000,부여군,
4476025000,부여읍,부여군
4476031000,규암면,부여군
4476032000,은산면,부여군
4476033000,외산면,부여군
4476034000,내산면,부여군
4476035000,구룡면,부여군
4476036000,홍산면,부여군
4476037000,옥산면,부여군
4476038000,남면,부여군
4476039000,충화면,부여군
4476040000,양화면,부여군
4476041000,임천면,부여군
4476042000,장암면,부여군
4476043000,세도면,부여군
4476044000,석성면,부여군
4476045000,초촌면,부여군
4477000000,서천군,
4477025000,장항읍,서천군
4477025300,서천읍,서천군
4477031000,마서면,서천군
4477032000,화양면,서천군
4477033000,기산면,서천군
4477034000,한산면,서천군
4477035000,마산면,서천군
4477036000,시초면,서천군
4477037000,문산면,서천군
4477038000,판교면,서천군
4477039000,종천면,서천군
4477040000,비인면,서천군
4477041000,서면,서천군
4479000000,청양군,
4479025000,청양읍,청양군
4479031000,운곡면,청양군
4479032000,대치면,청양군
4479033000,정산면,청양군
4479034000,목면,청양군
4479035000,청남면,청양군
4479036000,장평면,청양군
4479037000,남양면,청양군
4479038000,화성면,청양군
4479039000,비봉면,청양군
4480000000,홍성군,
4480025000,홍성읍,홍성군
4480025300,광천읍,홍성군
4480031000,홍북면,홍성군
4480032000,금마면,홍성군
4480033000,홍동면,홍성군
4480034000,장곡면,홍성군
4480035000,은하면,홍성군
4480036000,결성면,홍성군
4480037000,서부면,홍성군
4480038000,갈산면,홍성군
4480039000,구항면,홍성군
4481000000,예산군,
4481025000,예산읍,예산군
4481025300,삽교읍,예산군
4481031000,대술면,예산군
4481032000,신양면,예산군
4481033000,광시면,예산군
4481034000,대흥면,예산군
4481035000,응봉면,예산군
4481036000,덕산면,예산군
4481037000,봉산면,예산군
4481038000,고덕면,예산군
4481039000,신암면,예산군
4481040000,오가면,예산군
4482500000,태안군,
4482525000,태안읍,태안군
4482525300,안면읍,태안군
4482531000,고남면,태안군
4482532000,남면,태안군
4482533000,근흥면,태안군
4482534000,소원면,태안군
4482535000,원북면,태안군
4482536000,이원면,태안군
4500000000,전라북도,
4511100000,전주시완산구,
4511151000,중앙동,전주시완산구
4511153000,풍남동,전주시완산구
4511160500,노송동,전주시완산구
4511163500,완산동,전주시완산구
4511165000,동서학동,전주시완산구
4511166000,서서학동,전주시완산구
4511167100,중화산1동,전주시완산구
4511167200,중화산2동,전주시완산구
4511168000,서신동,전주시완산구
4511169100,평화1동,전주시완산구
4511169200,평화2동,전주시완산구
4511170100,삼천1동,전주시완산구
4511170200,삼천2동,전주시완산구
4511170300,삼천3동,전주시완산구
4511171100,효자1동,전주시완산구
4511171200,효자2동,전주시완산구
4511171300,효자3동,전주시완산구
4511171400,효자4동,전주시완산구
4511300000,전주시덕진구,
4511352500,진북동,전주시덕진구
4511354000,인후1동,전주시덕진구
4511355000,인후2동,전주시덕진구
4511356000,인후3동,전주시덕진구
4511357000,덕진동,전주시덕진구
4511358000,금암1동,전주시덕진구
4511359000,금암2동,전주시덕진구
4511360000,팔복동,전주시덕진구
4511361100,우아1동,전주시덕진구
4511361200,우아2동,전주시덕진구
4511362000,호성동,전주시덕진구
4511364100,송천1동,전주시덕진구
4511364200,송천2동,전주시덕진구
4511365000,조촌동,전주시덕진구
4511366000,동산동,전주시덕진구
4513000000,군산시,
4513025000,옥구읍,군산시
4513031000,옥산면,군산시
4513032000,회현면,군산시
4513033000,임피면,군산시
4513034000,서수면,군산시
4513035000,대야면,군산시
4513036000,개정면,군산시
4513037000,성산면,군산시
4513038000,나포면,군산시
4513039000,옥도면,군산시
4513040000,옥서면,군산시
4513051500,해신동,군산시
4513053000,월명동,군산시
4513055000,신풍동,군산시
4513056000,삼학동,군산시
4513060500,중앙동,군산시
4513064000,흥남동,군산시
4513065000,조촌동,군산시
4513066000,경암동,군산시
4513067000,구암동,군산시
4513068000,개정동,군산시
4513069000,수송동,군산시
4513070100,나운1동,군산시
4513070200,나운2동,군산시
4513070300,나운3동,군산시
4513071000,소룡동,군산시
4513072000,미성동,군산시
4514000000,익산시,
4514025000,함열읍,익산시
4514031000,오산면,익산시
4514032000,황등면,익산시
4514033000,함라면,익산시
4514034000,웅포면,익산시
4514035000,성당면,익산시
4514036000,용안면,익산시
4514037000,낭산면,익산시
4514038000,망성면,익산시
4514039000,여산면,익산시
4514040000,금마면,익산시
4514041000,왕궁면,익산시
4514042000,춘포면,익산시
4514043000,삼기면,익산시
4514044000,용동면,익산시
4514052000,중앙동,익산시
4514053000,평화동,익산시
4514056000,인화동,익산시
4514057000,동산동,익산시
4514058000,마동,익산시
4514059500,남중동,익산시
4514061000,모현동,익산시
4514062000,송학동,익산시
4514064600,영등1동,익산시
4514064700,영등2동,익산시
4514065200,어양동,익산시
4514065600,신동,익산시
4514067000,팔봉동,익산시
4514069000,삼성동,익산시
4518000000,정읍시,
4518025000,신태인읍,정읍시
4518031000,북면,정읍시
4518032000,입암면,정읍시
4518033000,소성면,정읍시
4518034000,고부면,정읍시
4518035000,영원면,정읍시
4518036000,덕천면,정읍시
4518037000,이평면,정읍시
4518038000,정우면,정읍시
4518039000,태인면,정읍시
4518040000,감곡면,정읍시
4518041000,옹동면,정읍시
4518042000,칠보면,정읍시
4518043000,산내면,정읍시
4518044000,산외면,정읍시
4518051000,수성동,정읍시
4518052000,장명동,정읍시
4518053500,내장상동,정읍시
4518054500,시기동,정읍시
4518056500,초산동,정읍시
4518057000,연지동,정읍시
4518058000,농소동,정읍시
4518059500,상교동,정읍시
4519000000,남원시,
4519025000,운봉읍,남원시
4519031000,주천면,남원시
4519032000,수지면,남원시
4519033000,송동면,남원시
4519034000,주생면,남원시
4519035000,금지면,남원시
4519036000,대강면,남원시
4519037000,대산면,남원시
4519038000,사매면,남원시
4519039000,덕과면,남원시
4519040000,보절면,남원시
4519041000,산동면,남원시
4519042000,이백면,남원시
4519045000,아영면,남원시
4519046000,산내면,남원시
4519047000,인월면,남원시
4519051000,동충동,남원시
4519052000,죽항동,남원시
4519054000,노암동,남원시
4519055000,금동,남원시
4519056000,왕정동,남원시
4519057000,향교동,남원시
4519059000,도통동,남원시
4521000000,김제시,
4521025000,만경읍,김제시
4521032000,죽산면,김제시
4521033000,백산면,김제시
4521034000,용지면,김제시
4521035000,백구면,김제시
4521036000,부량면,김제시
4521038000,공덕면,김제시
4521039000,청하면,김제시
4521040000,성덕면,김제시
4521041000,진봉면,김제시
4521042000,금구면,김제시
4521043000,봉남면,김제시
4521044000,황산면,김제시
4521045000,금산면,김제시
4521046000,광활면,김제시
4521051000,요촌동,김제시
4521052000,신풍동,김제시
4521054000,검산동,김제시
4521058000,교월동,김제시
4571000000,완주군,
4571025000,삼례읍,완주군
4571025300,봉동읍,완주군
4571031000,용진면,완주군
4571032000,상관면,완주군
4571033000,이서면,완주군
4571034000,소양면,완주군
4571035000,구이면,완주군
4571036000,고산면,완주군
4571037000,비봉면,완주군
4571038000,운주면,완주군
4571039000,화산면,완주군
4571040000,동상면,완주군
4571041000,경천면,완주군
4572000000,진안군,
4572025000,진안읍,진안군
4572031000,용담면,진안군
4572032000,안천면,진안군
4572033000,동향면,진안군
4572034000,상전면,진안군
4572035000,백운면,진안군
4572036000,성수면,진안군
4572037000,마령면,진안군
4572038000,부귀면,진안군
4572039000,정천면,진안군
4572040000,주천면,진안군
4573000000,무주군,
4573025000,무주읍,무주군
4573031000,무풍면,무주군
4573032000,설천면,무주군
4573033000,적상면,무주군
4573034000,안성면,무주군
4573035000,부남면,무주군
4574000000,장수군,
4574025000,장수읍,장수군
4574031000,산서면,장수군
4574032000,번암면,장수군
4574033500,장계면,장수군
4574034000,천천면,장수군
4574035000,계남면,장수군
4574036000,계북면,장수군
4575000000,임실군,
4575025000,임실읍,임실군
4575031000,청웅면,임실군
4575032000,운암면,임실군
4575033000,신평면,임실군
4575034000,성수면,임실군
4575035500,오수면,임실군
4575036000,신덕면,임실군
4575037000,삼계면,임실군
4575038000,관촌면,임실군
4575039000,강진면,임실군
4575040000,덕치면,임실군
4575041000,지사면,임실군
4577000000,순창군,
4577025000,순창읍,순창군
4577031000,인계면,순창군
4577032000,동계면,순창군
4577033000,풍산면,순창군
4577034000,금과면,순창군
4577035000,팔덕면,순창군
4577036000,쌍치면,순창군
4577037000,복흥면,순창군
4577038000,적성면,순창군
4577039000,유등면,순창군
4577040000,구림면,순창군
4579000000,고창군,
4579025000,고창읍,고창군
4579031000,고수면,고창군
4579032000,아산면,고창군
4579033000,무장면,고창군
4579034000,공음면,고창군
4579035000,상하면,고창군
4579036000,해리면,고창군
4579037000,성송면,고창군
4579038000,대산면,고창군
4579039000,심원면,고창군
4579040000,흥덕면,고창군
4579041000,성내면,고창군
4579042000,신림면,고창군
4579043000,부안면,고창군
4580000000,부안군,
4580025000,부안읍,부안군
4580031000,주산면,부안군
4580032000,동진면,부안군
4580033000,행안면,부안군
4580034000,계화면,부안군
4580035000,보안면,부안군
4580036000,변산면,부안군
4580037000,진서면,부안군
4580038000,백산면,부안군
4580039000,상서면,부안군
4580040000,하서면,부안군
4580041000,줄포면,부안군
4580042000,위도면,부안군
4600000000,전라남도,
4611000000,목포시,
4611051000,용당1동,목포시
4611052000,용당2동,목포시
4611053500,연동,목포시
4611054500,산정동,목포시
4611055400,연산동,목포시
4611055800,원산동,목포시
4611056500,대성동,목포시
4611059500,목원동,목포시
4611064000,동명동,목포시
4611064500,삼학동,목포시
4611065500,만호동,목포시
4611066000,유달동,목포시
4611069500,죽교동,목포시
4611070500,북항동,목포시
4611074500,용해동,목포시
4611075000,이로동,목포시
4611075600,상동,목포시
4611075700,하당동,목포시
4611075800,신흥동,목포시
4611078000,삼향동,목포시
4611079000,옥암동,목포시
4611080000,부흥동,목포시
4611081000,부주동,목포시
4613000000,여수시,
4613025000,돌산읍,여수시
4613031000,소라면,여수시
4613032000,율촌면,여수시
4613033000,화양면,여수시
4613034000,남면,여수시
4613035000,화정면,여수시
4613036000,삼산면,여수시
4613051500,동문동,여수시
4613053500,한려동,여수시
4613057000,중앙동,여수시
4613060000,충무동,여수시
4613062500,광림동,여수시
4613063500,서강동,여수시
4613065500,대교동,여수시
4613067000,국동,여수시
4613068500,월호동,여수시
4613070000,여서동,여수시
4613071000,문수동,여수시
4613073000,미평동,여수시
4613074000,둔덕동,여수시
4613076500,만덕동,여수시
4613078000,쌍봉동,여수시
4613079000,시전동,여수시
4613080000,여천동,여수시
4613081000,주삼동,여수시
4613082000,삼일동,여수시
4613083000,묘도동,여수시
4615000000,순천시,
4615025000,승주읍,순천시
4615031000,해룡면,순천시
4615032000,서면,순천시
4615033000,황전면,순천시
4615034000,월등면,순천시
4615035000,주암면,순천시
4615036000,송광면,순천시
4615037000,외서면,순천시
4615038000,낙안면,순천시
4615039000,별량면,순천시
4615040000,상사면,순천시
4615051500,향동,순천시
4615054000,매곡동,순천시
4615055000,삼산동,순천시
4615056000,조곡동,순천시
4615057000,덕연동,순천시
4615058000,풍덕동,순천시
4615059000,남제동,순천시
4615060000,저전동,순천시
4615061000,장천동,순천시
4615062000,중앙동,순천시
4615063500,도사동,순천시
4615066100,왕조1동,순천시
4615066500,왕조2동,순천시
4617000000,나주시,
4617025000,남평읍,나주시
4617031000,세지면,나주시
4617032000,왕곡면,나주시
4617033000,반남면,나주시
4617034000,공산면,나주시
4617035000,동강면,나주시
4617036000,다시면,나주시
4617037000,문평면,나주시
4617038000,노안면,나주시
4617039000,금천면,나주시
4617040000,산포면,나주시
4617042000,다도면,나주시
4617043000,봉황면,나주시
4617051000,송월동,나주시
4617052000,영강동,나주시
4617054000,금남동,나주시
4617055000,성북동,나주시
4617058000,영산동,나주시
4617060000,이창동,나주시
4617062000,빛가람동,나주시
4623000000,광양시,
4623025000,광양읍,광양시
4623031000,봉강면,광양시
4623032000,옥룡면,광양시
4623033000,옥곡면,광양시
4623034000,진상면,광양시
4623035000,진월면,광양시
4623036000,다압면,광양시
4623051500,골약동,광양시
4623053000,중마동,광양시
4623054000,광영동,광양시
4623055000,금호동,광양시
4623057000,태인동,광양시
4671000000,담양군,
4671025000,담양읍,담양군
4671031000,봉산면,담양군
4671032000,고서면,담양군
4671033000,남면,담양군
4671034000,창평면,담양군
4671035000,대덕면,담양군
4671036000,무정면,담양군
4671037000,금성면,담양군
4671038000,용면,담양군
4671039000,월산면,담양군
4671040000,수북면,담양군
4671041000,대전면,담양군
4672000000,곡성군,
4672025000,곡성읍,곡성군
4672031000,오곡면,곡성군
4672032000,삼기면,곡성군
4672033000,석곡면,곡성군
4672034000,목사동면,곡성군
4672035000,죽곡면,곡성군
4672036000,고달면,곡성군
4672037000,옥과면,곡성군
4672038000,입면,곡성군
4672039000,겸면,곡성군
4672040000,오산면,곡성군
4673000000,구례군,
4673025000,구례읍,구례군
4673031000,문척면,구례군
4673032000,간전면,구례군
4673033000,토지면,구례군
4673034000,마산면,구례군
4673035000,광의면,구례군
4673036000,용방면,구례군
4673037000,산동면,구례군
4677000000,고흥군,
4677025000,고흥읍,고흥군
4677025300,도양읍,고흥군
4677031000,풍양면,고흥군
4677032000,도덕면,고흥군
4677033000,금산면,고흥군
4677034000,도화면,고흥군
4677035000,포두면,고흥군
4677036000,봉래면,고흥군
4677037000,점암면,고흥군
4677038000,과역면,고흥군
4677039000,남양면,고흥군
4677040000,동강면,고흥군
4677041000,대서면,고흥군
4677042000,두원면,고흥군
4677044000,영남면,고흥군
4677045000,동일면,고흥군
4678000000,보성군,
4678025000,보성읍,보성군
4678025300,벌교읍,보성군
4678031000,노동면,보성군
4678032000,미력면,보성군
4678033000,겸백면,보성군
4678034000,율어면,보성군
4678035000,복내면,보성군
4678036000,문덕면,보성군
4678037000,조성면,보성군
4678038000,득량면,보성군
4678039000,회천면,보성군
4678040000,웅치면,보성군
4679000000,화순군,
4679025000,화순읍,화순군
4679031000,한천면,화순군
4679032000,춘양면,화순군
4679033000,청풍면,화순군
4679034000,이양면,화순군
4679035000,능주면,화순군
4679036000,도곡면,화순군
4679037000,도암면,화순군
4679038000,이서면,화순군
4679039000,북면,화순군
4679040000,동복면,화순군
4679041000,남면,화순군
4679042000,동면,화순군
4680000000,장흥군,
4680025000,장흥읍,장흥군
4680025300,관산읍,장흥군
4680025600,대덕읍,장흥군
4680031000,용산면,장흥군
4680032000,안양면,장흥군
4680033000,장동면,장흥군
4680034000,장평면,장흥군
4680035000,유치면,장흥군
4680036000,부산면,장흥군
4680037000,회진면,장흥군
4681000000,강진군,
4681025000,강진읍,강진군
4681031000,군동면,강진군
4681032000,칠량면,강진군
4681033000,대구면,강진군
4681034000,도암면,강진군
4681035000,신전면,강진군
4681036000,성전면,강진군
4681037000,작천면,강진군
4681038000,병영면,강진군
4681039000,옴천면,강진군
4681040000,마량면,강진군
4682000000,해남군,
4682025000,해남읍,해남군
4682031000,삼산면,해남군
4682032000,화산면,해남군
4682033000,현산면,해남군
4682034000,송지면,해남군
4682035000,북평면,해남군
4682036000,북일면,해남군
4682037000,옥천면,해남군
4682038000,계곡면,해남군
4682039000,마산면,해남군
4682040000,황산면,해남군
4682041000,산이면,해남군
4682042000,문내면,해남군
4682043000,화원면,해남군
4683000000,영암군,
4683025000,영암읍,영암군
4683025300,삼호읍,영암군
4683031000,덕진면,영암군
4683032000,금정면,영암군
4683033000,신북면,영암군
4683034000,시종면,영암군
4683035000,도포면,영암군
4683036000,군서면,영암군
4683037000,서호면,영암군
4683038000,학산면,영암군
4683039000,미암면,영암군
4684000000,무안군,
4684025000,무안읍,무안군
4684025300,일로읍,무안군
4684025600,삼향읍,무안군
4684032000,몽탄면,무안군
4684033000,청계면,무안군
4684034000,현경면,무안군
4684035000,망운면,무안군
4684036000,해제면,무안군
4684037000,운남면,무안군
4686000000,함평군,
4686025000,함평읍,함평군
4686031000,손불면,함평군
4686032000,신광면,함평군
4686033000,학교면,함평군
4686034000,엄다면,함평군
4686035000,대동면,함평군
4686036000,나산면,함평군
4686037000,해보면,함평군
4686038000,월야면,함평군
4687000000,영광군,
4687025000,영광읍,영광군
4687025300,백수읍,영광군
4687025600,홍농읍,영광군
4687031000,대마면,영광군
4687032000,묘량면,영광군
4687033000,불갑면,영광군
4687034000,군서면,영광군
4687035000,군남면,영광군
4687036000,염산면,영광군
4687037000,법성면,영광군
4687038000,낙월면,영광군
4688000000,장성군,
4688025000,장성읍,장성군
4688031000,진원면,장성군
4688032000,남면,장성군
4688033000,동화면,장성군
4688034000,삼서면,장성군
4688035000,삼계면,장성군
4688036000,황룡면,장성군
4688037000,서삼면,장성군
4688038000,북일면,장성군
4688039000,북이면,장성군
4688040000,북하면,장성군
4689000000,완도군,
4689025000,완도읍,완도군
4689025300,금일읍,완도군
4689025600,노화읍,완도군
4689031000,군외면,완도군
4689032000,신지면,완도군
4689033000,고금면,완도군
4689034000,약산면,완도군
4689035000,청산면,완도군
4689036000,소안면,완도군
4689037000,금당면,완도군
4689038000,보길면,완도군
4689039000,생일면,완도군
4690000000,진도군,
4690025000,진도읍,진도군
4690031000,군내면,진도군
4690032000,고군면,진도군
4690033000,의신면,진도군
4690034000,임회면,진도군
4690035000,지산면,진도군
4690036000,조도면,진도군
4691000000,신안군,
4691025000,지도읍,신안군
4691025300,압해읍,신안군
4691031000,증도면,신안군
4691032000,임자면,신안군
4691033000,자은면,신안군
4691034000,비금면,신안군
4691035000,도초면,신안군
4691036000,흑산면,신안군
4691037000,하의면,신안군
4691038000,신의면,신안군
4691039000,장산면,신안군
4691040000,안좌면,신안군
4691041000,팔금면,신안군
4691042000,암태면,신안군
4700000000,경상북도,
4711100000,포항시남구,
4711125000,구룡포읍,포항시남구
4711125300,연일읍,포항시남구
4711125600,오천읍,포항시남구
4711131000,대송면,포항시남구
4711132000,동해면,포항시남구
4711133000,장기면,포항시남구
4711135000,호미곶면,포항시남구
4711152500,상대동,포항시남구
4711154500,해도동,포항시남구
4711155000,송도동,포항시남구
4711156000,청림동,포항시남구
4711157000,제철동,포항시남구
4711158000,효곡동,포항시남구
4711159000,대이동,포항시남구
4711300000,포항시북구,
4711325000,흥해읍,포항시북구
4711331000,신광면,포항시북구
4711332000,청하면,포항시북구
4711333000,송라면,포항시북구
4711334000,기계면,포항시북구
4711335000,죽장면,포항시북구
4711336000,기북면,포항시북구
4711352000,중앙동,포항시북구
4711363000,양학동,포항시북구
4711365500,죽도동,포항시북구
4711366500,용흥동,포항시북구
4711368000,우창동,포항시북구
4711369000,두호동,포항시북구
4711370000,장량동,포항시북구
4711371000,환여동,포항시북구
4713000000,경주시,
4713025000,감포읍,경주시
4713025300,안강읍,경주시
4713025600,건천읍,경주시
4713025900,외동읍,경주시
4713031000,양북면,경주시
4713032000,양남면,경주시
4713033000,내남면,경주시
4713034000,산내면,경주시
4713035000,서면,경주시
4713036000,현곡면,경주시
4713037000,강동면,경주시
4713038000,천북면,경주시
4713051500,중부동,경주시
4713053000,황오동,경주시
4713055000,성건동,경주시
4713057000,황남동,경주시
4713059000,선도동,경주시
4713060500,월성동,경주시
4713061500,용강동,경주시
4713062100,황성동,경주시
4713063000,동천동,경주시
4713065000,불국동,경주시
4713066000,보덕동,경주시
4715000000,김천시,
4715025000,아포읍,김천시
4715031000,농소면,김천시
4715032000,남면,김천시
4715034000,개령면,김천시
4715035000,감문면,김천시
4715036000,어모면,김천시
4715037000,봉산면,김천시
4715038000,대항면,김천시
4715039000,감천면,김천시
4715040000,조마면,김천시
4715041000,구성면,김천시
4715042000,지례면,김천시
4715043000,부항면,김천시
4715044000,대덕면,김천시
4715045000,증산면,김천시
4715051600,자산동,김천시
4715053600,평화남산동,김천시
4715056500,양금동,김천시
4715057500,대신동,김천시
4715059500,대곡동,김천시
4715061000,지좌동,김천시
4715064000,율곡동,김천시
4717000000,안동시,
4717025000,풍산읍,안동시
4717031000,와룡면,안동시
4717032000,북후면,안동시
4717033000,서후면,안동시
4717034000,풍천면,안동시
4717035000,일직면,안동시
4717036000,남후면,안동시
4717037000,남선면,안동시
4717038000,임하면,안동시
4717039000,길안면,안동시
4717040000,임동면,안동시
4717041000,예안면,안동시
4717042000,도산면,안동시
4717043000,녹전면,안동시
4717051000,중구동,안동시
4717052000,명륜동,안동시
4717055500,용상동,안동시
4717058500,서구동,안동시
4717060000,태화동,안동시
4717062000,평화동,안동시
4717063000,안기동,안동시
4717065000,옥동,안동시
4717066000,송하동,안동시
4717069000,강남동,안동시
4719000000,구미시,
4719025000,선산읍,구미시
4719025300,고아읍,구미시
4719031000,무을면,구미시
4719032000,옥성면,구미시
4719033000,도개면,구미시
4719034000,해평면,구미시
4719035000,산동면,구미시
4719036000,장천면,구미시
4719051000,송정동,구미시
4719052000,원평1동,구미시
4719053000,원평2동,구미시
4719055100,도량동,구미시
4719055500,지산동,구미시
4719056500,선주원남동,구미시
4719058200,형곡1동,구미시
4719058300,형곡2동,구미시
4719059000,신평1동,구미시
4719060000,신평2동,구미시
4719061000,비산동,구미시
4719062100,공단1동,구미시
4719062200,공단2동,구미시
4719063000,광평동,구미시
4719064500,상모사곡동,구미시
4719066000,임오동,구미시
4719067000,인동동,구미시
4719068000,진미동,구미시
4719069000,양포동,구미시
4721000000,영주시,
4721025000,풍기읍,영주시
4721031000,이산면,영주시
4721032000,평은면,영주시
4721033000,문수면,영주시
4721034000,장수면,영주시
4721035000,안정면,영주시
4721036000,봉현면,영주시
4721037000,순흥면,영주시
4721038000,단산면,영주시
4721039000,부석면,영주시
4721051000,상망동,영주시
4721052500,하망동,영주시
4721055000,영주1동,영주시
4721056000,영주2동,영주시
4721059000,휴천1동,영주시
4721060000,휴천2동,영주시
4721061000,휴천3동,영주시
4721062000,가흥1동,영주시
4721063000,가흥2동,영주시
4723000000,영천시,
4723025000,금호읍,영천시
4723031000,청통면,영천시
4723032000,신녕면,영천시
4723033000,화산면,영천시
4723034000,화북면,영천시
4723035000,화남면,영천시
4723036000,자양면,영천시
4723037000,임고면,영천시
4723038000,고경면,영천시
4723039000,북안면,영천시
4723040000,대창면,영천시
4723051000,동부동,영천시
4723052000,중앙동,영천시
4723053500,서부동,영천시
4723054000,완산동,영천시
4723055500,남부동,영천시
4725000000,상주시,
4725025000,함창읍,상주시
4725031000,중동면,상주시
4725032000,사벌면,상주시
4725033000,낙동면,상주시
4725034000,청리면,상주시
4725035000,공성면,상주시
4725036000,외남면,상주시
4725037000,내서면,상주시
4725038000,모동면,상주시
4725039000,모서면,상주시
4725040000,화동면,상주시
4725041000,화서면,상주시
4725042000,화북면,상주시
4725043000,외서면,상주시
4725044000,은척면,상주시
4725045000,공검면,상주시
4725046000,이안면,상주시
4725047000,화남면,상주시
4725052000,남원동,상주시
4725053000,북문동,상주시
4725054000,계림동,상주시
4725055000,동문동,상주시
4725056000,동성동,상주시
4725057000,신흥동,상주시
4728000000,문경시,
4728025000,문경읍,문경시
4728025300,가은읍,문경시
4728031000,영순면,문경시
4728032000,산양면,문경시
4728033000,호계면,문경시
4728034000,산북면,문경시
4728035000,동로면,문경시
4728036000,마성면,문경시
4728037000,농암면,문경시
4728057000,점촌1동,문경시
4728058000,점촌2동,문경시
4728059000,점촌3동,문경시
4728060000,점촌4동,문경시
4728061000,점촌5동,문경시
4729000000,경산시,
4729025000,하양읍,경산시
4729025300,진량읍,경산시
4729031000,와촌면,경산시
4729033000,자인면,경산시
4729034000,용성면,경산시
4729035000,남산면,경산시
4729036000,압량면,경산시
4729037000,남천면,경산시
4729051000,중방동,경산시
4729052000,중앙동,경산시
4729053000,남부동,경산시
4729054100,서부1동,경산시
4729054200,서부2동,경산시
4729055000,북부동,경산시
4729056000,동부동,경산시
4772000000,군위군,
4772025000,군위읍,군위군
4772031000,소보면,군위군
4772032000,효령면,군위군
4772033000,부계면,군위군
4772034000,우보면,군위군
4772035000,의흥면,군위군
4772036000,산성면,군위군
4772037000,고로면,군위군
4773000000,의성군,
4773025000,의성읍,의성군
4773031000,단촌면,의성군
4773032000,점곡면,의성군
4773033000,옥산면,의성군
4773034000,사곡면,의성군
4773035000,춘산면,의성군
4773036000,가음면,의성군
4773037000,금성면,의성군
4773038000,봉양면,의성군
4773039000,비안면,의성군
4773040000,구천면,의성군
4773041000,단밀면,의성군
4773042000,단북면,의성군
4773043000,안계면,의성군
4773044000,다인면,의성군
4773045000,신평면,의성군
4773046000,안평면,의성군
4773047000,안사면,의성군
4775000000,청송군,
4775025000,청송읍,청송군
4775031000,부동면,청송군
4775032000,부남면,청송군
4775033000,현동면,청송군
4775034000,현서면,청송군
4775035000,안덕면,청송군
4775036000,파천면,청송군
4775037000,진보면,청송군
4776000000,영양군,
4776025000,영양읍,영양군
4776031000,입암면,영양군
4776032000,청기면,영양군
4776033000,일월면,영양군
4776034000,수비면,영양군
4776035000,석보면,영양군
4777000000,영덕군,
4777025000,영덕읍,영덕군
4777031000,강구면,영덕군
4777032000,남정면,영덕군
4777033000,달산면,영덕군
4777034000,지품면,영덕군
4777035000,축산면,영덕군
4777036000,영해면,영덕군
4777037000,병곡면,영덕군
4777038000,창수면,영덕군
4782000000,청도군,
4782025000,화양읍,청도군
4782025300,청도읍,청도군
4782031000,각남면,청도군
4782032000,풍각면,청도군
4782033000,각북면,청도군
4782034000,이서면,청도군
4782035000,운문면,청도군
4782036000,금천면,청도군
4782037000,매전면,청도군
4783000000,고령군,
4783025000,고령읍,고령군
4783031000,덕곡면,고령군
4783032000,운수면,고령군
4783033000,성산면,고령군
4783034000,다산면,고령군
4783035000,개진면,고령군
4783036000,우곡면,고령군
4783037000,쌍림면,고령군
4784000000,성주군,
4784025000,성주읍,성주군
4784031000,선남면,성주군
4784032000,용암면,성주군
4784033000,수륜면,성주군
4784034000,가천면,성주군
4784035000,금수면,성주군
4784036000,대가면,성주군
4784037000,벽진면,성주군
4784038000,초전면,성주군
4784039000,월항면,성주군
4785000000,칠곡군,
4785025000,왜관읍,칠곡군
4785025300,북삼읍,칠곡군
4785025600,석적읍,칠곡군
4785031000,지천면,칠곡군
4785032000,동명면,칠곡군
4785033000,가산면,칠곡군
4785036000,약목면,칠곡군
4785037000,기산면,칠곡군
4790000000,예천군,
4790025000,예천읍,예천군
4790031000,용문면,예천군
4790032000,상리면,예천군
4790033000,하리면,예천군
4790034000,감천면,예천군
4790035000,보문면,예천군
4790036000,호명면,예천군
4790037000,유천면,예천군
4790038000,용궁면,예천군
4790039000,개포면,예천군
4790040000,지보면,예천군
4790041000,풍양면,예천군
4792000000,봉화군,
4792025000,봉화읍,봉화군
4792031000,물야면,봉화군
4792032000,봉성면,봉화군
4792033000,법전면,봉화군
4792034000,춘양면,봉화군
4792035000,소천면,봉화군
4792036000,재산면,봉화군
4792037000,명호면,봉화군
4792038000,상운면,봉화군
4792039000,석포면,봉화군
4793000000,울진군,
4793025000,울진읍,울진군
4793025300,평해읍,울진군
4793031000,북면,울진군
4793032000,서면,울진군
4793033000,근남면,울진군
4793034000,원남면,울진군
4793035000,기성면,울진군
4793036000,온정면,울진군
4793037000,죽변면,울진군
4793038000,후포면,울진군
4794000000,울릉군,
4794025000,울릉읍,울릉군
4794031000,서면,울릉군
4794032000,북면,울릉군
4794033000,독도,울릉군
4800000000,경상남도,
4812100000,창원시,
4812125000,동읍,창원시
4812131000,북면,창원시
4812132000,대산면,창원시
4812151000,의창동,창원시
4812152000,팔룡동,창원시
4812153000,명곡동,창원시
4812154000,봉림동,창원시
4812155000,용지동,창원시
4812300000,창원시,
4812351000,반송동,창원시
4812352000,중앙동,창원시
4812353000,상남동,창원시
4812354000,사파동,창원시
4812355000,가음정동,창원시
4812356000,성주동,창원시
4812357000,웅남동,창원시
4812500000,창원시,
4812531000,구산면,창원시
4812532000,진동면,창원시
4812533000,진북면,창원시
4812534000,진전면,창원시
4812551000,현동,창원시
4812552000,가포동,창원시
4812553000,월영동,창원시
4812554000,문화동,창원시
4812555000,반월동,창원시
4812556000,중앙동,창원시
4812557000,완월동,창원시
4812558000,자산동,창원시
4812559000,동서동,창원시
4812560000,성호동,창원시
4812561000,교방동,창원시
4812562000,노산동,창원시
4812563000,오동동,창원시
4812564000,합포동,창원시
4812565000,산호동,창원시
4812700000,창원시,
4812725000,내서읍,창원시
4812751000,회원1동,창원시
4812752000,회원2동,창원시
4812753000,석전1동,창원시
4812754000,석전2동,창원시
4812755000,회성동,창원시
4812756000,양덕1동,창원시
4812757000,양덕2동,창원시
4812758000,합성1동,창원시
4812759000,합성2동,창원시
4812760000,구암1동,창원시
4812761000,구암2동,창원시
4812762000,봉암동,창원시
4812900000,창원시,
4812951000,중앙동,창원시
4812952000,태평동,창원시
4812953000,충무동,창원시
4812954000,여좌동,창원시
4812955000,태백동,창원시
4812956000,경화동,창원시
4812957000,병암동,창원시
4812958000,석동,창원시
4812959000,이동,창원시
4812960000,자은동,창원시
4812961000,덕산동,창원시
4812962000,풍호동,창원시
4812963000,웅천동,창원시
4812964000,웅동1동,창원시
4812965000,웅동2동,창원시
4817000000,진주시,
4817025000,문산읍,진주시
4817031000,내동면,진주시
4817032000,정촌면,진주시
4817033000,금곡면,진주시
4817035000,진성면,진주시
4817036000,일반성면,진주시
4817037000,이반성면,진주시
4817038000,사봉면,진주시
4817039000,지수면,진주시
4817040000,대곡면,진주시
4817041000,금산면,진주시
4817042000,집현면,진주시
4817043000,미천면,진주시
4817044000,명석면,진주시
4817045000,대평면,진주시
4817046000,수곡면,진주시
4817051500,천전동,진주시
4817055500,성북동,진주시
4817056500,중앙동,진주시
4817059500,상봉동,진주시
4817066000,상대1동,진주시
4817067000,상대2동,진주시
4817067600,하대1동,진주시
4817067700,하대2동,진주시
4817068000,상평동,진주시
4817069500,초장동,진주시
4817071000,평거동,진주시
4817071500,신안동,진주시
4817072000,이현동,진주시
4817073000,판문동,진주시
4817074000,가호동,진주시
4817075000,충무공동,진주시
4822000000,통영시,
4822025000,산양읍,통영시
4822031000,용남면,통영시
4822033000,도산면,통영시
4822034000,광도면,통영시
4822035000,욕지면,통영시
4822036000,한산면,통영시
4822037000,사량면,통영시
4822051000,도천동,통영시
4822053000,명정동,통영시
4822055000,중앙동,통영시
4822059000,정량동,통영시
4822060000,북신동,통영시
4822066500,미수동,통영시
4822067000,봉평동,통영시
4822070000,무전동,통영시
4824000000,사천시,
4824025000,사천읍,사천시
4824031000,정동면,사천시
4824032000,사남면,사천시
4824033000,용현면,사천시
4824034000,축동면,사천시
4824035000,곤양면,사천시
4824036000,곤명면,사천시
4824037000,서포면,사천시
4824051000,동서동,사천시
4824052000,선구동,사천시
4824053000,동서금동,사천시
4824055000,벌룡동,사천시
4824057000,향촌동,사천시
4824059500,남양동,사천시
4825000000,김해시,
4825025000,진영읍,김해시
4825032000,주촌면,김해시
4825033000,진례면,김해시
4825034000,한림면,김해시
4825035000,생림면,김해시
4825036000,상동면,김해시
4825037000,대동면,김해시
4825051000,동상동,김해시
4825052000,회현동,김해시
4825053000,부원동,김해시
4825054000,내외동,김해시
4825055000,북부동,김해시
4825056500,칠산서부동,김해시
4825058000,활천동,김해시
4825059000,삼안동,김해시
4825060000,불암동,김해시
4825061000,장유1동,김해시
4825062000,장유2동,김해시
4825063000,장유3동,김해시
4827000000,밀양시,
4827025000,삼랑진읍,밀양시
4827025300,하남읍,밀양시
4827031000,부북면,밀양시
4827032000,상동면,밀양시
4827033000,산외면,밀양시
4827034000,산내면,밀양시
4827035000,단장면,밀양시
4827036000,상남면,밀양시
4827037000,초동면,밀양시
4827038000,무안면,밀양시
4827039000,청도면,밀양시
4827051000,내일동,밀양시
4827052000,내이동,밀양시
4827053000,삼문동,밀양시
4827054000,가곡동,밀양시
4827055000,교동,밀양시
4831000000,거제시,
4831031000,일운면,거제시
4831032000,동부면,거제시
4831033000,남부면,거제시
4831034000,거제면,거제시
4831035000,둔덕면,거제시
4831036000,사등면,거제시
4831037000,연초면,거제시
4831038000,하청면,거제시
4831039000,장목면,거제시
4831051000,장승포동,거제시
4831052000,마전동,거제시
4831053000,능포동,거제시
4831054000,아주동,거제시
4831055000,옥포1동,거제시
4831056000,옥포2동,거제시
4831057000,장평동,거제시
4831058000,고현동,거제시
4831059000,상문동,거제시
4831060000,수양동,거제시
4833000000,양산시,
4833025300,물금읍,양산시
4833031000,동면,양산시
4833032000,원동면,양산시
4833033000,상북면,양산시
4833034000,하북면,양산시
4833051000,중앙동,양산시
4833051500,양주동,양산시
4833052000,삼성동,양산시
4833053000,강서동,양산시
4833054000,서창동,양산시
4833055000,소주동,양산시
4833056000,평산동,양산시
4833057000,덕계동,양산시
4872000000,의령군,
4872025000,의령읍,의령군
4872031000,가례면,의령군
4872032000,칠곡면,의령군
4872033000,대의면,의령군
4872034000,화정면,의령군
4872035000,용덕면,의령군
4872036000,정곡면,의령군
4872037000,지정면,의령군
4872038000,낙서면,의령군
4872039000,부림면,의령군
4872040000,봉수면,의령군
4872041500,궁류면,의령군
4872042000,유곡면,의령군
4873000000,함안군,
4873025000,가야읍,함안군
4873025300,칠원읍,함안군
4873031000,함안면,함안군
4873032000,군북면,함안군
4873033000,법수면,함안군
4873034000,대산면,함안군
4873035000,칠서면,함안군
4873036000,칠북면,함안군
4873038000,산인면,함안군
4873039000,여항면,함안군
4874000000,창녕군,
4874025000,창녕읍,창녕군
4874025300,남지읍,창녕군
4874031000,고암면,창녕군
4874032000,성산면,창녕군
4874033000,대합면,창녕군
4874034000,이방면,창녕군
4874035000,유어면,창녕군
4874036000,대지면,창녕군
4874037000,계성면,창녕군
4874038000,영산면,창녕군
4874039000,장마면,창녕군
4874040000,도천면,창녕군
4874041000,길곡면,창녕군
4874042000,부곡면,창녕군
4882000000,고성군,
4882025000,고성읍,고성군
4882031000,삼산면,고성군
4882032000,하일면,고성군
4882033000,하이면,고성군
4882034000,상리면,고성군
4882035000,대가면,고성군
4882036000,영현면,고성군
4882037000,영오면,고성군
4882038000,개천면,고성군
4882039000,구만면,고성군
4882040000,회화면,고성군
4882041000,마암면,고성군
4882042000,동해면,고성군
4882043000,거류면,고성군
4884000000,남해군,
4884025000,남해읍,남해군
4884031000,이동면,남해군
4884032000,상주면,남해군
4884033000,삼동면,남해군
4884034000,미조면,남해군
4884035000,남면,남해군
4884036000,서면,남해군
4884037000,고현면,남해군
4884038000,설천면,남해군
4884039000,창선면,남해군
4885000000,하동군,
4885025000,하동읍,하동군
4885031000,화개면,하동군
4885032000,악양면,하동군
4885033000,적량면,하동군
4885034000,횡천면,하동군
4885035000,고전면,하동군
4885036000,금남면,하동군
4885037000,진교면,하동군
4885038000,양보면,하동군
4885039000,북천면,하동군
4885040000,청암면,하동군
4885041000,옥종면,하동군
4885042000,금성면,하동군
4886000000,산청군,
4886025000,산청읍,산청군
4886031000,차황면,산청군
4886032000,오부면,산청군
4886033000,생초면,산청군
4886034000,금서면,산청군
4886035000,삼장면,산청군
4886036000,시천면,산청군
4886037000,단성면,산청군
4886038000,신안면,산청군
4886039000,생비량면,산청군
4886040000,신등면,산청군
4887000000,함양군,
4887025000,함양읍,함양군
4887031000,마천면,함양군
4887032000,휴천면,함양군
4887033000,유림면,함양군
4887034000,수동면,함양군
4887035000,지곡면,함양군
4887036000,안의면,함양군
4887037000,서하면,함양군
4887038000,서상면,함양군
4887039000,백전면,함양군
4887040000,병곡면,함양군
4888000000,거창군,
4888025000,거창읍,거창군
4888031000,주상면,거창군
4888032000,웅양면,거창군
4888033000,고제면,거창군
4888034000,북상면,거창군
4888035000,위천면,거창군
4888036000,마리면,거창군
4888037000,남상면,거창군
4888038000,남하면,거창군
4888039000,신원면,거창군
4888040000,가조면,거창군
4888041000,가북면,거창군
4889000000,합천군,
4889025000,합천읍,합천군
4889031000,봉산면,합천군
4889032000,묘산면,합천군
4889033000,가야면,합천군
4889034000,야로면,합천군
4889035000,율곡면,합천군
4889036000,초계면,합천군
4889037000,쌍책면,합천군
4889038000,덕곡면,합천군
4889039000,청덕면,합천군
4889040000,적중면,합천군
4889041000,대양면,합천군
4889042000,쌍백면,합천군
4889043000,삼가면,합천군
4889044000,가회면,합천군
4889045000,대병면,합천군
4889046000,용주면,합천군
5000000000,제주특별자치도,
5011000000,제주시,
5011025000,한림읍,제주시
5011025300,애월읍,제주시
5011025600,구좌읍,제주시
5011025900,조천읍,제주시
5011031000,한경면,제주시
5011032000,추자면,제주시
5011033000,우도면,제주시
5011051000,일도1동,제주시
5011052000,일도2동,제주시
5011053000,이도1동,제주시
5011054000,이도2동,제주시
5011055000,삼도1동,제주시
5011056000,삼도2동,제주시
5011057000,용담1동,제주시
5011058000,용담2동,제주시
5011059000,건입동,제주시
5011060000,화북동,제주시
5011061000,삼양동,제주시
5011062000,봉개동,제주시
5011063000,아라동,제주시
5011064000,오라동,제주시
5011065000,연동,제주시
5011066000,노형동,제주시
5011067000,외도동,제주시
5011068000,이호동,제주시
5011069000,도두동,제주시
5013000000,서귀포시,
5013025000,대정읍/마라도포함,서귀포시
5013025300,남원읍,서귀포시
5013025900,성산읍,서귀포시
5013031000,안덕면,서귀포시
5013032000,표선면,서귀포시
5013051000,송산동,서귀포시
5013052000,정방동,서귀포시
5013053000,중앙동,서귀포시
5013054000,천지동,서귀포시
5013055000,효돈동,서귀포시
5013056000,영천동,서귀포시
5013057000,동홍동,서귀포시
5013058000,서홍동,서귀포시
5013059000,대륜동,서귀포시
5013060000,대천동,서귀포시
5013061000,중문동,서귀포시
5013062000,예래동,서귀포시
5019000000,이어도,
5019099000,이어도,